signal|program_code|date|available_time|weekday|average_audience
BH|AUTO|2020-07-26|140|6|200094.93909926224
BH|AUTO|2020-08-02|94|6|200094.93909926224
BH|AUTO|2020-08-09|38|6|200094.93909926224
BH|AUTO|2020-08-16|262|6|200094.93909926224
BH|AUTO|2020-08-23|296|6|200094.93909926224
BH|BIAL|2020-07-27|110|0|108054.09872408293
BH|BIAL|2020-08-03|48|0|108054.09872408293
BH|BIAL|2020-08-10|154|0|108054.09872408293
BH|BIAL|2020-08-17|166|0|108054.09872408293
BH|BIAL|2020-07-28|100|1|93039.00486111111
BH|BIAL|2020-08-04|136|1|93039.00486111111
BH|BIAL|2020-08-11|54|1|93039.00486111111
BH|BIAL|2020-08-18|84|1|93039.00486111111
BH|BIAL|2020-08-25|144|1|93039.00486111111
BH|BIAL|2020-07-22|206|2|76855.28958928521
BH|BIAL|2020-07-29|280|2|76855.28958928521
BH|BIAL|2020-08-19|154|2|76855.28958928521
BH|BIAL|2020-08-26|88|2|76855.28958928521
BH|BIAL|2020-07-23|8|3|103223.63339476142
BH|BIAL|2020-07-30|86|3|103223.63339476142
BH|BIAL|2020-08-06|2|3|103223.63339476142
BH|BIAL|2020-08-13|20|3|103223.63339476142
BH|BIAL|2020-08-20|156|3|103223.63339476142
BH|BIAL|2020-08-27|286|3|103223.63339476142
BH|BIAL|2020-07-24|222|4|115458.44437741312
BH|BIAL|2020-07-31|124|4|115458.44437741312
BH|BIAL|2020-08-14|112|4|115458.44437741312
BH|BIAL|2020-08-21|218|4|115458.44437741312
BH|BPRA|2020-07-27|44|0|95222.08221476509
BH|BPRA|2020-08-03|162|0|95222.08221476509
BH|BPRA|2020-08-10|98|0|95222.08221476509
BH|BPRA|2020-08-17|54|0|95222.08221476509
BH|BPRA|2020-08-24|80|0|95222.08221476509
BH|BPRA|2020-07-28|42|1|93574.9077181208
BH|BPRA|2020-08-04|216|1|93574.9077181208
BH|BPRA|2020-08-11|136|1|93574.9077181208
BH|BPRA|2020-08-18|138|1|93574.9077181208
BH|BPRA|2020-08-25|152|1|93574.9077181208
BH|BPRA|2020-07-22|150|2|108110.21397288228
BH|BPRA|2020-07-29|252|2|108110.21397288228
BH|BPRA|2020-08-05|154|2|108110.21397288228
BH|BPRA|2020-08-12|116|2|108110.21397288228
BH|BPRA|2020-08-19|32|2|108110.21397288228
BH|BPRA|2020-08-26|172|2|108110.21397288228
BH|BPRA|2020-07-23|138|3|101256.0167785235
BH|BPRA|2020-07-30|68|3|101256.0167785235
BH|BPRA|2020-08-06|162|3|101256.0167785235
BH|BPRA|2020-08-13|290|3|101256.0167785235
BH|BPRA|2020-08-20|66|3|101256.0167785235
BH|BPRA|2020-08-27|72|3|101256.0167785235
BH|BPRA|2020-07-24|248|4|102278.89597315436
BH|BPRA|2020-07-31|92|4|102278.89597315436
BH|BPRA|2020-08-07|206|4|102278.89597315436
BH|BPRA|2020-08-14|238|4|102278.89597315436
BH|BPRA|2020-08-21|246|4|102278.89597315436
BH|BPRA|2020-08-28|22|4|102278.89597315436
BH|CASA|2020-07-25|62|5|72210.069544361
BH|CASA|2020-08-01|210|5|72210.069544361
BH|CASA|2020-08-08|4|5|72210.069544361
BH|CASA|2020-08-15|212|5|72210.069544361
BH|CASA|2020-08-22|90|5|72210.069544361
BH|EMPR|2020-07-26|140|6|113072.30236260698
BH|EMPR|2020-08-02|46|6|113072.30236260698
BH|EMPR|2020-08-09|172|6|113072.30236260698
BH|EMPR|2020-08-16|98|6|113072.30236260698
BH|EMPR|2020-08-23|44|6|113072.30236260698
BH|ESPO|2020-07-26|220|6|163801.79472287738
BH|ESPO|2020-08-02|160|6|163801.79472287738
BH|ESPO|2020-08-09|104|6|163801.79472287738
BH|ESPO|2020-08-16|108|6|163801.79472287738
BH|ESPO|2020-08-23|130|6|163801.79472287738
BH|FATI|2020-07-27|172|0|124088.30118180689
BH|FATI|2020-08-03|2|0|124088.30118180689
BH|FATI|2020-08-10|152|0|124088.30118180689
BH|FATI|2020-08-17|6|0|124088.30118180689
BH|FATI|2020-08-24|138|0|124088.30118180689
BH|FATI|2020-07-28|238|1|107059.94673689724
BH|FATI|2020-08-04|102|1|107059.94673689724
BH|FATI|2020-08-11|152|1|107059.94673689724
BH|FATI|2020-08-18|128|1|107059.94673689724
BH|FATI|2020-08-25|288|1|107059.94673689724
BH|FATI|2020-07-22|48|2|105944.27614325739
BH|FATI|2020-07-29|218|2|105944.27614325739
BH|FATI|2020-08-05|270|2|105944.27614325739
BH|FATI|2020-08-12|230|2|105944.27614325739
BH|FATI|2020-08-19|62|2|105944.27614325739
BH|FATI|2020-08-26|76|2|105944.27614325739
BH|FATI|2020-07-23|34|3|93526.32947711485
BH|FATI|2020-07-30|18|3|93526.32947711485
BH|FATI|2020-08-06|102|3|93526.32947711485
BH|FATI|2020-08-13|214|3|93526.32947711485
BH|FATI|2020-08-20|70|3|93526.32947711485
BH|FATI|2020-08-27|168|3|93526.32947711485
BH|FATI|2020-07-24|208|4|102575.93327462404
BH|FATI|2020-07-31|70|4|102575.93327462404
BH|FATI|2020-08-07|66|4|102575.93327462404
BH|FATI|2020-08-14|182|4|102575.93327462404
BH|FATI|2020-08-21|284|4|102575.93327462404
BH|FATI|2020-08-28|258|4|102575.93327462404
BH|GRUD|2020-07-26|88|6|208026.0209608621
BH|GRUD|2020-08-02|88|6|208026.0209608621
BH|GRUD|2020-08-09|86|6|208026.0209608621
BH|GRUD|2020-08-16|90|6|208026.0209608621
BH|GRUD|2020-08-23|12|6|208026.0209608621
BH|HORA|2020-07-27|268|0|58025.00833333333
BH|HORA|2020-08-03|262|0|58025.00833333333
BH|HORA|2020-08-10|56|0|58025.00833333333
BH|HORA|2020-08-17|110|0|58025.00833333333
BH|HORA|2020-08-24|190|0|58025.00833333333
BH|HORA|2020-07-28|108|1|39312.618277310925
BH|HORA|2020-08-04|166|1|39312.618277310925
BH|HORA|2020-08-11|2|1|39312.618277310925
BH|HORA|2020-08-18|60|1|39312.618277310925
BH|HORA|2020-08-25|282|1|39312.618277310925
BH|HORA|2020-07-22|254|2|52211.833315826334
BH|HORA|2020-07-29|40|2|52211.833315826334
BH|HORA|2020-08-05|74|2|52211.833315826334
BH|HORA|2020-08-12|236|2|52211.833315826334
BH|HORA|2020-08-19|254|2|52211.833315826334
BH|HORA|2020-08-26|94|2|52211.833315826334
BH|HORA|2020-07-23|254|3|50939.81875
BH|HORA|2020-07-30|224|3|50939.81875
BH|HORA|2020-08-06|58|3|50939.81875
BH|HORA|2020-08-13|12|3|50939.81875
BH|HORA|2020-08-20|234|3|50939.81875
BH|HORA|2020-08-27|202|3|50939.81875
BH|HORA|2020-07-24|16|4|57768.28641456583
BH|HORA|2020-07-31|242|4|57768.28641456583
BH|HORA|2020-08-07|40|4|57768.28641456583
BH|HORA|2020-08-14|56|4|57768.28641456583
BH|HORA|2020-08-21|122|4|57768.28641456583
BH|HORA|2020-08-28|32|4|57768.28641456583
BH|HUCK|2020-07-25|96|5|379350.3690233714
BH|HUCK|2020-08-01|84|5|379350.3690233714
BH|HUCK|2020-08-08|242|5|379350.3690233714
BH|HUCK|2020-08-15|138|5|379350.3690233714
BH|HUCK|2020-08-22|136|5|379350.3690233714
BH|JHOJ|2020-07-27|72|0|280153.405274906
BH|JHOJ|2020-08-03|66|0|280153.405274906
BH|JHOJ|2020-08-10|180|0|280153.405274906
BH|JHOJ|2020-08-17|128|0|280153.405274906
BH|JHOJ|2020-08-24|110|0|280153.405274906
BH|JHOJ|2020-07-28|170|1|268220.1421865208
BH|JHOJ|2020-08-04|216|1|268220.1421865208
BH|JHOJ|2020-08-11|164|1|268220.1421865208
BH|JHOJ|2020-08-18|218|1|268220.1421865208
BH|JHOJ|2020-08-25|56|1|268220.1421865208
BH|JHOJ|2020-07-22|208|2|269399.04856849415
BH|JHOJ|2020-07-29|212|2|269399.04856849415
BH|JHOJ|2020-08-05|8|2|269399.04856849415
BH|JHOJ|2020-08-12|32|2|269399.04856849415
BH|JHOJ|2020-08-19|102|2|269399.04856849415
BH|JHOJ|2020-08-26|150|2|269399.04856849415
BH|JHOJ|2020-07-23|132|3|279421.9209057558
BH|JHOJ|2020-07-30|272|3|279421.9209057558
BH|JHOJ|2020-08-06|122|3|279421.9209057558
BH|JHOJ|2020-08-13|112|3|279421.9209057558
BH|JHOJ|2020-08-20|148|3|279421.9209057558
BH|JHOJ|2020-08-27|186|3|279421.9209057558
BH|JHOJ|2020-07-24|134|4|257382.05870141817
BH|JHOJ|2020-07-31|8|4|257382.05870141817
BH|JHOJ|2020-08-07|74|4|257382.05870141817
BH|JHOJ|2020-08-14|80|4|257382.05870141817
BH|JHOJ|2020-08-21|210|4|257382.05870141817
BH|JHOJ|2020-08-28|228|4|257382.05870141817
BH|JHOJ|2020-07-25|204|5|303455.2147664835
BH|JHOJ|2020-08-01|48|5|303455.2147664835
BH|JHOJ|2020-08-08|96|5|303455.2147664835
BH|JHOJ|2020-08-15|154|5|303455.2147664835
BH|JHOJ|2020-08-22|104|5|303455.2147664835
BH|NBRA|2020-07-27|88|0|110433.17743445691
BH|NBRA|2020-08-03|192|0|110433.17743445691
BH|NBRA|2020-08-10|106|0|110433.17743445691
BH|NBRA|2020-08-17|174|0|110433.17743445691
BH|NBRA|2020-08-24|218|0|110433.17743445691
BH|NBRA|2020-07-28|4|1|109798.47616921156
BH|NBRA|2020-08-04|20|1|109798.47616921156
BH|NBRA|2020-08-11|252|1|109798.47616921156
BH|NBRA|2020-08-18|286|1|109798.47616921156
BH|NBRA|2020-08-25|66|1|109798.47616921156
BH|NBRA|2020-07-22|292|2|118784.07673375314
BH|NBRA|2020-07-29|254|2|118784.07673375314
BH|NBRA|2020-08-05|86|2|118784.07673375314
BH|NBRA|2020-08-12|116|2|118784.07673375314
BH|NBRA|2020-08-19|54|2|118784.07673375314
BH|NBRA|2020-08-26|44|2|118784.07673375314
BH|NBRA|2020-07-23|64|3|101950.83919563117
BH|NBRA|2020-07-30|242|3|101950.83919563117
BH|NBRA|2020-08-06|280|3|101950.83919563117
BH|NBRA|2020-08-13|288|3|101950.83919563117
BH|NBRA|2020-08-20|280|3|101950.83919563117
BH|NBRA|2020-08-27|190|3|101950.83919563117
BH|NBRA|2020-07-24|54|4|107611.18454215884
BH|NBRA|2020-07-31|252|4|107611.18454215884
BH|NBRA|2020-08-07|234|4|107611.18454215884
BH|NBRA|2020-08-14|148|4|107611.18454215884
BH|NBRA|2020-08-21|226|4|107611.18454215884
BH|NBRA|2020-08-28|202|4|107611.18454215884
BH|PTV1|2020-07-27|130|0|284368.0241304941
BH|PTV1|2020-08-03|4|0|284368.0241304941
BH|PTV1|2020-08-10|38|0|284368.0241304941
BH|PTV1|2020-08-17|280|0|284368.0241304941
BH|PTV1|2020-08-24|276|0|284368.0241304941
BH|PTV1|2020-07-28|250|1|258764.6547977625
BH|PTV1|2020-08-04|40|1|258764.6547977625
BH|PTV1|2020-08-11|16|1|258764.6547977625
BH|PTV1|2020-08-18|112|1|258764.6547977625
BH|PTV1|2020-08-25|110|1|258764.6547977625
BH|PTV1|2020-07-22|248|2|259144.56493832474
BH|PTV1|2020-07-29|22|2|259144.56493832474
BH|PTV1|2020-08-05|112|2|259144.56493832474
BH|PTV1|2020-08-12|264|2|259144.56493832474
BH|PTV1|2020-08-19|54|2|259144.56493832474
BH|PTV1|2020-08-26|112|2|259144.56493832474
BH|PTV1|2020-07-23|32|3|241780.308709577
BH|PTV1|2020-07-30|38|3|241780.308709577
BH|PTV1|2020-08-06|54|3|241780.308709577
BH|PTV1|2020-08-13|166|3|241780.308709577
BH|PTV1|2020-08-20|284|3|241780.308709577
BH|PTV1|2020-08-27|128|3|241780.308709577
BH|PTV1|2020-07-24|276|4|237657.78706288568
BH|PTV1|2020-07-31|106|4|237657.78706288568
BH|PTV1|2020-08-07|256|4|237657.78706288568
BH|PTV1|2020-08-14|124|4|237657.78706288568
BH|PTV1|2020-08-21|172|4|237657.78706288568
BH|PTV1|2020-08-28|72|4|237657.78706288568
BH|PTV1|2020-07-25|60|5|272195.6522129525
BH|PTV1|2020-08-01|260|5|272195.6522129525
BH|PTV1|2020-08-08|224|5|272195.6522129525
BH|PTV1|2020-08-15|32|5|272195.6522129525
BH|PTV1|2020-08-22|174|5|272195.6522129525
BH|SAME|2020-07-27|166|0|96050.69467173693
BH|SAME|2020-08-03|70|0|96050.69467173693
BH|SAME|2020-08-10|176|0|96050.69467173693
BH|SAME|2020-08-17|182|0|96050.69467173693
BH|SAME|2020-08-24|50|0|96050.69467173693
BH|SAME|2020-07-28|116|1|69221.39118871416
BH|SAME|2020-08-04|102|1|69221.39118871416
BH|SAME|2020-08-11|288|1|69221.39118871416
BH|SAME|2020-08-18|182|1|69221.39118871416
BH|SAME|2020-08-25|184|1|69221.39118871416
BH|SAME|2020-07-22|106|2|64502.89150893048
BH|SAME|2020-07-29|42|2|64502.89150893048
BH|SAME|2020-08-05|270|2|64502.89150893048
BH|SAME|2020-08-12|222|2|64502.89150893048
BH|SAME|2020-08-19|190|2|64502.89150893048
BH|SAME|2020-08-26|130|2|64502.89150893048
BH|SAME|2020-07-23|68|3|85556.532518797
BH|SAME|2020-07-30|42|3|85556.532518797
BH|SAME|2020-08-06|222|3|85556.532518797
BH|SAME|2020-08-13|230|3|85556.532518797
BH|SAME|2020-08-20|74|3|85556.532518797
BH|SAME|2020-08-27|8|3|85556.532518797
BH|SAME|2020-07-24|232|4|87832.50909169749
BH|SAME|2020-07-31|198|4|87832.50909169749
BH|SAME|2020-08-07|42|4|87832.50909169749
BH|SAME|2020-08-14|6|4|87832.50909169749
BH|SAME|2020-08-21|258|4|87832.50909169749
BH|SAME|2020-08-28|222|4|87832.50909169749
BH|SERA|2020-07-25|176|5|32661.802760677612
BH|SERA|2020-08-01|264|5|32661.802760677612
BH|SERA|2020-08-08|300|5|32661.802760677612
BH|SERA|2020-08-15|298|5|32661.802760677612
BH|SERA|2020-08-22|144|5|32661.802760677612
BH|SUCI|2020-07-25|254|5|88367.38266876453
BH|SUCI|2020-08-01|72|5|88367.38266876453
BH|SUCI|2020-08-08|210|5|88367.38266876453
BH|SUCI|2020-08-15|156|5|88367.38266876453
BH|SUCI|2020-08-22|272|5|88367.38266876453
BH|TARA|2020-07-27|92|0|315250.41163914144
BH|TARA|2020-08-03|230|0|315250.41163914144
BH|TARA|2020-08-10|226|0|315250.41163914144
BH|TARA|2020-08-17|36|0|315250.41163914144
BH|TARA|2020-08-24|182|0|315250.41163914144
BH|TARA|2020-07-28|150|1|329802.5268819425
BH|TARA|2020-08-04|256|1|329802.5268819425
BH|TARA|2020-08-11|124|1|329802.5268819425
BH|TARA|2020-08-18|40|1|329802.5268819425
BH|TARA|2020-08-25|256|1|329802.5268819425
BH|TARA|2020-07-22|282|2|328294.83277618035
BH|TARA|2020-07-29|260|2|328294.83277618035
BH|TARA|2020-08-05|174|2|328294.83277618035
BH|TARA|2020-08-12|158|2|328294.83277618035
BH|TARA|2020-08-19|184|2|328294.83277618035
BH|TARA|2020-08-26|160|2|328294.83277618035
BH|TARA|2020-07-23|56|3|290543.6416310555
BH|TARA|2020-07-30|72|3|290543.6416310555
BH|TARA|2020-08-06|24|3|290543.6416310555
BH|TARA|2020-08-13|292|3|290543.6416310555
BH|TARA|2020-08-20|158|3|290543.6416310555
BH|TARA|2020-08-27|208|3|290543.6416310555
BH|TARA|2020-07-24|88|4|278596.45913339
BH|TARA|2020-07-31|144|4|278596.45913339
BH|TARA|2020-08-07|2|4|278596.45913339
BH|TARA|2020-08-14|190|4|278596.45913339
BH|TARA|2020-08-21|36|4|278596.45913339
BH|TARA|2020-08-28|224|4|278596.45913339
BH|TMAX|2020-07-26|50|6|339405.22663803864
BH|TMAX|2020-08-02|84|6|339405.22663803864
BH|TMAX|2020-08-09|212|6|339405.22663803864
BH|TMAX|2020-08-16|16|6|339405.22663803864
BH|TMAX|2020-08-23|196|6|339405.22663803864
BH|VALE|2020-07-27|208|0|729180.7262731481
BH|VALE|2020-08-03|14|0|729180.7262731481
BH|VALE|2020-08-10|260|0|729180.7262731481
BH|VALE|2020-08-17|116|0|729180.7262731481
BH|VALE|2020-08-24|46|0|729180.7262731481
BH|VALE|2020-07-28|102|1|751629.8286359725
BH|VALE|2020-08-04|224|1|751629.8286359725
BH|VALE|2020-08-11|30|1|751629.8286359725
BH|VALE|2020-08-18|156|1|751629.8286359725
BH|VALE|2020-08-25|212|1|751629.8286359725
BH|VALE|2020-07-22|12|2|716518.6444253612
BH|VALE|2020-07-29|10|2|716518.6444253612
BH|VALE|2020-08-05|300|2|716518.6444253612
BH|VALE|2020-08-12|240|2|716518.6444253612
BH|VALE|2020-08-19|38|2|716518.6444253612
BH|VALE|2020-08-26|144|2|716518.6444253612
BH|VALE|2020-07-23|96|3|777014.2012301955
BH|VALE|2020-07-30|140|3|777014.2012301955
BH|VALE|2020-08-06|42|3|777014.2012301955
BH|VALE|2020-08-13|92|3|777014.2012301955
BH|VALE|2020-08-20|46|3|777014.2012301955
BH|VALE|2020-08-27|2|3|777014.2012301955
BH|VALE|2020-07-24|96|4|701095.7308344763
BH|VALE|2020-07-31|222|4|701095.7308344763
BH|VALE|2020-08-07|248|4|701095.7308344763
BH|VALE|2020-08-14|214|4|701095.7308344763
BH|VALE|2020-08-21|76|4|701095.7308344763
BH|VALE|2020-08-28|68|4|701095.7308344763
DF|AUTO|2020-07-26|78|6|104402.24786062796
DF|AUTO|2020-08-02|48|6|104402.24786062796
DF|AUTO|2020-08-09|292|6|104402.24786062796
DF|AUTO|2020-08-16|156|6|104402.24786062796
DF|AUTO|2020-08-23|124|6|104402.24786062796
DF|BIAL|2020-07-27|124|0|52619.3961423445
DF|BIAL|2020-08-03|156|0|52619.3961423445
DF|BIAL|2020-08-10|144|0|52619.3961423445
DF|BIAL|2020-08-17|206|0|52619.3961423445
DF|BIAL|2020-07-28|190|1|37271.819444444445
DF|BIAL|2020-08-04|4|1|37271.819444444445
DF|BIAL|2020-08-11|174|1|37271.819444444445
DF|BIAL|2020-08-18|114|1|37271.819444444445
DF|BIAL|2020-08-25|90|1|37271.819444444445
DF|BIAL|2020-07-22|130|2|25361.48209196799
DF|BIAL|2020-07-29|16|2|25361.48209196799
DF|BIAL|2020-08-19|142|2|25361.48209196799
DF|BIAL|2020-08-26|292|2|25361.48209196799
DF|BIAL|2020-07-23|278|3|25893.395578406802
DF|BIAL|2020-07-30|206|3|25893.395578406802
DF|BIAL|2020-08-06|208|3|25893.395578406802
DF|BIAL|2020-08-13|294|3|25893.395578406802
DF|BIAL|2020-08-20|82|3|25893.395578406802
DF|BIAL|2020-08-27|44|3|25893.395578406802
DF|BIAL|2020-07-24|72|4|38556.143074324325
DF|BIAL|2020-07-31|158|4|38556.143074324325
DF|BIAL|2020-08-14|214|4|38556.143074324325
DF|BIAL|2020-08-21|284|4|38556.143074324325
DF|BPRA|2020-07-27|46|0|83236.75838926174
DF|BPRA|2020-08-03|196|0|83236.75838926174
DF|BPRA|2020-08-10|116|0|83236.75838926174
DF|BPRA|2020-08-17|206|0|83236.75838926174
DF|BPRA|2020-08-24|150|0|83236.75838926174
DF|BPRA|2020-07-28|98|1|83953.54697986577
DF|BPRA|2020-08-04|106|1|83953.54697986577
DF|BPRA|2020-08-11|152|1|83953.54697986577
DF|BPRA|2020-08-18|118|1|83953.54697986577
DF|BPRA|2020-08-25|186|1|83953.54697986577
DF|BPRA|2020-07-22|288|2|76214.52906433279
DF|BPRA|2020-07-29|214|2|76214.52906433279
DF|BPRA|2020-08-05|194|2|76214.52906433279
DF|BPRA|2020-08-12|216|2|76214.52906433279
DF|BPRA|2020-08-19|22|2|76214.52906433279
DF|BPRA|2020-08-26|156|2|76214.52906433279
DF|BPRA|2020-07-23|270|3|71022.78020134228
DF|BPRA|2020-07-30|70|3|71022.78020134228
DF|BPRA|2020-08-06|270|3|71022.78020134228
DF|BPRA|2020-08-13|140|3|71022.78020134228
DF|BPRA|2020-08-20|152|3|71022.78020134228
DF|BPRA|2020-08-27|184|3|71022.78020134228
DF|BPRA|2020-07-24|70|4|68208.02852348993
DF|BPRA|2020-07-31|126|4|68208.02852348993
DF|BPRA|2020-08-07|226|4|68208.02852348993
DF|BPRA|2020-08-14|240|4|68208.02852348993
DF|BPRA|2020-08-21|268|4|68208.02852348993
DF|BPRA|2020-08-28|114|4|68208.02852348993
DF|CASA|2020-07-25|48|5|52354.228149809554
DF|CASA|2020-08-01|14|5|52354.228149809554
DF|CASA|2020-08-08|82|5|52354.228149809554
DF|CASA|2020-08-15|60|5|52354.228149809554
DF|CASA|2020-08-22|186|5|52354.228149809554
DF|EMPR|2020-07-26|64|6|65833.47959143354
DF|EMPR|2020-08-02|238|6|65833.47959143354
DF|EMPR|2020-08-09|52|6|65833.47959143354
DF|EMPR|2020-08-16|80|6|65833.47959143354
DF|EMPR|2020-08-23|238|6|65833.47959143354
DF|ESPO|2020-07-26|244|6|92656.9173231132
DF|ESPO|2020-08-02|76|6|92656.9173231132
DF|ESPO|2020-08-09|112|6|92656.9173231132
DF|ESPO|2020-08-16|272|6|92656.9173231132
DF|ESPO|2020-08-23|220|6|92656.9173231132
DF|FATI|2020-07-27|248|0|76407.67681773021
DF|FATI|2020-08-03|84|0|76407.67681773021
DF|FATI|2020-08-10|38|0|76407.67681773021
DF|FATI|2020-08-17|72|0|76407.67681773021
DF|FATI|2020-08-24|114|0|76407.67681773021
DF|FATI|2020-07-28|246|1|75643.07650473414
DF|FATI|2020-08-04|172|1|75643.07650473414
DF|FATI|2020-08-11|82|1|75643.07650473414
DF|FATI|2020-08-18|290|1|75643.07650473414
DF|FATI|2020-08-25|28|1|75643.07650473414
DF|FATI|2020-07-22|24|2|76528.63950576549
DF|FATI|2020-07-29|202|2|76528.63950576549
DF|FATI|2020-08-05|170|2|76528.63950576549
DF|FATI|2020-08-12|126|2|76528.63950576549
DF|FATI|2020-08-19|212|2|76528.63950576549
DF|FATI|2020-08-26|12|2|76528.63950576549
DF|FATI|2020-07-23|158|3|78773.12069119327
DF|FATI|2020-07-30|58|3|78773.12069119327
DF|FATI|2020-08-06|12|3|78773.12069119327
DF|FATI|2020-08-13|114|3|78773.12069119327
DF|FATI|2020-08-20|260|3|78773.12069119327
DF|FATI|2020-08-27|156|3|78773.12069119327
DF|FATI|2020-07-24|72|4|67161.36758230592
DF|FATI|2020-07-31|32|4|67161.36758230592
DF|FATI|2020-08-07|86|4|67161.36758230592
DF|FATI|2020-08-14|16|4|67161.36758230592
DF|FATI|2020-08-21|164|4|67161.36758230592
DF|FATI|2020-08-28|164|4|67161.36758230592
DF|GRUD|2020-07-26|160|6|109925.65911234837
DF|GRUD|2020-08-02|262|6|109925.65911234837
DF|GRUD|2020-08-09|180|6|109925.65911234837
DF|GRUD|2020-08-16|116|6|109925.65911234837
DF|GRUD|2020-08-23|248|6|109925.65911234837
DF|HORA|2020-07-27|220|0|33641.3125
DF|HORA|2020-08-03|70|0|33641.3125
DF|HORA|2020-08-10|20|0|33641.3125
DF|HORA|2020-08-17|206|0|33641.3125
DF|HORA|2020-08-24|18|0|33641.3125
DF|HORA|2020-07-28|284|1|19439.978764005602
DF|HORA|2020-08-04|44|1|19439.978764005602
DF|HORA|2020-08-11|42|1|19439.978764005602
DF|HORA|2020-08-18|192|1|19439.978764005602
DF|HORA|2020-08-25|102|1|19439.978764005602
DF|HORA|2020-07-22|16|2|20039.186221988795
DF|HORA|2020-07-29|58|2|20039.186221988795
DF|HORA|2020-08-05|202|2|20039.186221988795
DF|HORA|2020-08-12|138|2|20039.186221988795
DF|HORA|2020-08-19|48|2|20039.186221988795
DF|HORA|2020-08-26|238|2|20039.186221988795
DF|HORA|2020-07-23|200|3|20934.36875
DF|HORA|2020-07-30|120|3|20934.36875
DF|HORA|2020-08-06|142|3|20934.36875
DF|HORA|2020-08-13|68|3|20934.36875
DF|HORA|2020-08-20|172|3|20934.36875
DF|HORA|2020-08-27|280|3|20934.36875
DF|HORA|2020-07-24|260|4|24707.835066526608
DF|HORA|2020-07-31|144|4|24707.835066526608
DF|HORA|2020-08-07|150|4|24707.835066526608
DF|HORA|2020-08-14|38|4|24707.835066526608
DF|HORA|2020-08-21|52|4|24707.835066526608
DF|HORA|2020-08-28|130|4|24707.835066526608
DF|HUCK|2020-07-25|174|5|100763.61778063564
DF|HUCK|2020-08-01|210|5|100763.61778063564
DF|HUCK|2020-08-08|260|5|100763.61778063564
DF|HUCK|2020-08-15|276|5|100763.61778063564
DF|HUCK|2020-08-22|176|5|100763.61778063564
DF|JHOJ|2020-07-27|70|0|163608.741765873
DF|JHOJ|2020-08-03|264|0|163608.741765873
DF|JHOJ|2020-08-10|168|0|163608.741765873
DF|JHOJ|2020-08-17|36|0|163608.741765873
DF|JHOJ|2020-08-24|72|0|163608.741765873
DF|JHOJ|2020-07-28|18|1|187935.84611769268
DF|JHOJ|2020-08-04|70|1|187935.84611769268
DF|JHOJ|2020-08-11|106|1|187935.84611769268
DF|JHOJ|2020-08-18|2|1|187935.84611769268
DF|JHOJ|2020-08-25|240|1|187935.84611769268
DF|JHOJ|2020-07-22|10|2|178018.87721639028
DF|JHOJ|2020-07-29|204|2|178018.87721639028
DF|JHOJ|2020-08-05|274|2|178018.87721639028
DF|JHOJ|2020-08-12|256|2|178018.87721639028
DF|JHOJ|2020-08-19|240|2|178018.87721639028
DF|JHOJ|2020-08-26|50|2|178018.87721639028
DF|JHOJ|2020-07-23|88|3|159720.45190349242
DF|JHOJ|2020-07-30|68|3|159720.45190349242
DF|JHOJ|2020-08-06|204|3|159720.45190349242
DF|JHOJ|2020-08-13|228|3|159720.45190349242
DF|JHOJ|2020-08-20|52|3|159720.45190349242
DF|JHOJ|2020-08-27|44|3|159720.45190349242
DF|JHOJ|2020-07-24|192|4|160141.01520469232
DF|JHOJ|2020-07-31|96|4|160141.01520469232
DF|JHOJ|2020-08-07|100|4|160141.01520469232
DF|JHOJ|2020-08-14|162|4|160141.01520469232
DF|JHOJ|2020-08-21|26|4|160141.01520469232
DF|JHOJ|2020-08-28|166|4|160141.01520469232
DF|JHOJ|2020-07-25|258|5|184111.50423076923
DF|JHOJ|2020-08-01|222|5|184111.50423076923
DF|JHOJ|2020-08-08|4|5|184111.50423076923
DF|JHOJ|2020-08-15|228|5|184111.50423076923
DF|JHOJ|2020-08-22|292|5|184111.50423076923
DF|NBRA|2020-07-27|24|0|98423.11863295881
DF|NBRA|2020-08-03|296|0|98423.11863295881
DF|NBRA|2020-08-10|12|0|98423.11863295881
DF|NBRA|2020-08-17|114|0|98423.11863295881
DF|NBRA|2020-08-24|62|0|98423.11863295881
DF|NBRA|2020-07-28|122|1|108935.70247389938
DF|NBRA|2020-08-04|44|1|108935.70247389938
DF|NBRA|2020-08-11|96|1|108935.70247389938
DF|NBRA|2020-08-18|156|1|108935.70247389938
DF|NBRA|2020-08-25|174|1|108935.70247389938
DF|NBRA|2020-07-22|196|2|92964.56985327406
DF|NBRA|2020-07-29|20|2|92964.56985327406
DF|NBRA|2020-08-05|298|2|92964.56985327406
DF|NBRA|2020-08-12|174|2|92964.56985327406
DF|NBRA|2020-08-19|16|2|92964.56985327406
DF|NBRA|2020-08-26|122|2|92964.56985327406
DF|NBRA|2020-07-23|272|3|82022.33246937842
DF|NBRA|2020-07-30|138|3|82022.33246937842
DF|NBRA|2020-08-06|80|3|82022.33246937842
DF|NBRA|2020-08-13|142|3|82022.33246937842
DF|NBRA|2020-08-20|196|3|82022.33246937842
DF|NBRA|2020-08-27|186|3|82022.33246937842
DF|NBRA|2020-07-24|234|4|84492.29286400242
DF|NBRA|2020-07-31|46|4|84492.29286400242
DF|NBRA|2020-08-07|196|4|84492.29286400242
DF|NBRA|2020-08-14|272|4|84492.29286400242
DF|NBRA|2020-08-21|198|4|84492.29286400242
DF|NBRA|2020-08-28|232|4|84492.29286400242
DF|PTV1|2020-07-27|84|0|209944.94253400157
DF|PTV1|2020-08-03|120|0|209944.94253400157
DF|PTV1|2020-08-10|272|0|209944.94253400157
DF|PTV1|2020-08-17|176|0|209944.94253400157
DF|PTV1|2020-08-24|122|0|209944.94253400157
DF|PTV1|2020-07-28|290|1|223188.8456582633
DF|PTV1|2020-08-04|216|1|223188.8456582633
DF|PTV1|2020-08-11|88|1|223188.8456582633
DF|PTV1|2020-08-18|254|1|223188.8456582633
DF|PTV1|2020-08-25|100|1|223188.8456582633
DF|PTV1|2020-07-22|36|2|234092.3962184874
DF|PTV1|2020-07-29|30|2|234092.3962184874
DF|PTV1|2020-08-05|268|2|234092.3962184874
DF|PTV1|2020-08-12|290|2|234092.3962184874
DF|PTV1|2020-08-19|298|2|234092.3962184874
DF|PTV1|2020-08-26|112|2|234092.3962184874
DF|PTV1|2020-07-23|236|3|203464.1432283757
DF|PTV1|2020-07-30|132|3|203464.1432283757
DF|PTV1|2020-08-06|266|3|203464.1432283757
DF|PTV1|2020-08-13|118|3|203464.1432283757
DF|PTV1|2020-08-20|66|3|203464.1432283757
DF|PTV1|2020-08-27|90|3|203464.1432283757
DF|PTV1|2020-07-24|110|4|202745.57662794035
DF|PTV1|2020-07-31|258|4|202745.57662794035
DF|PTV1|2020-08-07|62|4|202745.57662794035
DF|PTV1|2020-08-14|48|4|202745.57662794035
DF|PTV1|2020-08-21|54|4|202745.57662794035
DF|PTV1|2020-08-28|38|4|202745.57662794035
DF|PTV1|2020-07-25|168|5|177130.36720418883
DF|PTV1|2020-08-01|22|5|177130.36720418883
DF|PTV1|2020-08-08|230|5|177130.36720418883
DF|PTV1|2020-08-15|232|5|177130.36720418883
DF|PTV1|2020-08-22|152|5|177130.36720418883
DF|SAME|2020-07-27|240|0|49163.16448647467
DF|SAME|2020-08-03|170|0|49163.16448647467
DF|SAME|2020-08-10|10|0|49163.16448647467
DF|SAME|2020-08-17|118|0|49163.16448647467
DF|SAME|2020-08-24|284|0|49163.16448647467
DF|SAME|2020-07-28|204|1|26452.718547641074
DF|SAME|2020-08-04|22|1|26452.718547641074
DF|SAME|2020-08-11|50|1|26452.718547641074
DF|SAME|2020-08-18|66|1|26452.718547641074
DF|SAME|2020-08-25|92|1|26452.718547641074
DF|SAME|2020-07-22|60|2|20038.032748049052
DF|SAME|2020-07-29|138|2|20038.032748049052
DF|SAME|2020-08-05|72|2|20038.032748049052
DF|SAME|2020-08-12|78|2|20038.032748049052
DF|SAME|2020-08-19|92|2|20038.032748049052
DF|SAME|2020-08-26|70|2|20038.032748049052
DF|SAME|2020-07-23|218|3|21845.18947368421
DF|SAME|2020-07-30|216|3|21845.18947368421
DF|SAME|2020-08-06|208|3|21845.18947368421
DF|SAME|2020-08-13|148|3|21845.18947368421
DF|SAME|2020-08-20|116|3|21845.18947368421
DF|SAME|2020-08-27|254|3|21845.18947368421
DF|SAME|2020-07-24|100|4|27288.80130762411
DF|SAME|2020-07-31|86|4|27288.80130762411
DF|SAME|2020-08-07|150|4|27288.80130762411
DF|SAME|2020-08-14|106|4|27288.80130762411
DF|SAME|2020-08-21|96|4|27288.80130762411
DF|SAME|2020-08-28|152|4|27288.80130762411
DF|SERA|2020-07-25|26|5|26998.99862305056
DF|SERA|2020-08-01|300|5|26998.99862305056
DF|SERA|2020-08-08|96|5|26998.99862305056
DF|SERA|2020-08-15|152|5|26998.99862305056
DF|SERA|2020-08-22|194|5|26998.99862305056
DF|SUCI|2020-07-25|2|5|40401.717270564535
DF|SUCI|2020-08-01|194|5|40401.717270564535
DF|SUCI|2020-08-08|86|5|40401.717270564535
DF|SUCI|2020-08-15|236|5|40401.717270564535
DF|SUCI|2020-08-22|250|5|40401.717270564535
DF|TARA|2020-07-27|42|0|115259.10272157053
DF|TARA|2020-08-03|238|0|115259.10272157053
DF|TARA|2020-08-10|62|0|115259.10272157053
DF|TARA|2020-08-17|128|0|115259.10272157053
DF|TARA|2020-08-24|70|0|115259.10272157053
DF|TARA|2020-07-28|30|1|126957.13797929604
DF|TARA|2020-08-04|172|1|126957.13797929604
DF|TARA|2020-08-11|250|1|126957.13797929604
DF|TARA|2020-08-18|230|1|126957.13797929604
DF|TARA|2020-08-25|116|1|126957.13797929604
DF|TARA|2020-07-22|172|2|116539.80299778572
DF|TARA|2020-07-29|48|2|116539.80299778572
DF|TARA|2020-08-05|234|2|116539.80299778572
DF|TARA|2020-08-12|78|2|116539.80299778572
DF|TARA|2020-08-19|204|2|116539.80299778572
DF|TARA|2020-08-26|254|2|116539.80299778572
DF|TARA|2020-07-23|188|3|108094.30727135747
DF|TARA|2020-07-30|142|3|108094.30727135747
DF|TARA|2020-08-06|114|3|108094.30727135747
DF|TARA|2020-08-13|190|3|108094.30727135747
DF|TARA|2020-08-20|86|3|108094.30727135747
DF|TARA|2020-08-27|34|3|108094.30727135747
DF|TARA|2020-07-24|52|4|116130.23651847814
DF|TARA|2020-07-31|14|4|116130.23651847814
DF|TARA|2020-08-07|120|4|116130.23651847814
DF|TARA|2020-08-14|36|4|116130.23651847814
DF|TARA|2020-08-21|196|4|116130.23651847814
DF|TARA|2020-08-28|260|4|116130.23651847814
DF|TMAX|2020-07-26|24|6|122481.46209612355
DF|TMAX|2020-08-02|164|6|122481.46209612355
DF|TMAX|2020-08-09|180|6|122481.46209612355
DF|TMAX|2020-08-16|168|6|122481.46209612355
DF|TMAX|2020-08-23|236|6|122481.46209612355
DF|VALE|2020-07-27|70|0|239388.35820724178
DF|VALE|2020-08-03|112|0|239388.35820724178
DF|VALE|2020-08-10|172|0|239388.35820724178
DF|VALE|2020-08-17|180|0|239388.35820724178
DF|VALE|2020-08-24|218|0|239388.35820724178
DF|VALE|2020-07-28|42|1|220116.7615520907
DF|VALE|2020-08-04|206|1|220116.7615520907
DF|VALE|2020-08-11|16|1|220116.7615520907
DF|VALE|2020-08-18|98|1|220116.7615520907
DF|VALE|2020-08-25|84|1|220116.7615520907
DF|VALE|2020-07-22|128|2|227504.66314865692
DF|VALE|2020-07-29|240|2|227504.66314865692
DF|VALE|2020-08-05|246|2|227504.66314865692
DF|VALE|2020-08-12|246|2|227504.66314865692
DF|VALE|2020-08-19|250|2|227504.66314865692
DF|VALE|2020-08-26|212|2|227504.66314865692
DF|VALE|2020-07-23|88|3|210776.37712389833
DF|VALE|2020-07-30|62|3|210776.37712389833
DF|VALE|2020-08-06|14|3|210776.37712389833
DF|VALE|2020-08-13|68|3|210776.37712389833
DF|VALE|2020-08-20|140|3|210776.37712389833
DF|VALE|2020-08-27|118|3|210776.37712389833
DF|VALE|2020-07-24|214|4|218956.18645989982
DF|VALE|2020-07-31|100|4|218956.18645989982
DF|VALE|2020-08-07|148|4|218956.18645989982
DF|VALE|2020-08-14|44|4|218956.18645989982
DF|VALE|2020-08-21|174|4|218956.18645989982
DF|VALE|2020-08-28|62|4|218956.18645989982
NAC|AUTO|2020-07-26|132|6|7634721.420005552
NAC|AUTO|2020-08-02|262|6|7634721.420005552
NAC|AUTO|2020-08-09|146|6|7634721.420005552
NAC|AUTO|2020-08-16|80|6|7634721.420005552
NAC|AUTO|2020-08-23|294|6|7634721.420005552
NAC|BIAL|2020-07-27|6|0|6362662.027614379
NAC|BIAL|2020-08-03|138|0|6362662.027614379
NAC|BIAL|2020-08-10|128|0|6362662.027614379
NAC|BIAL|2020-08-17|106|0|6362662.027614379
NAC|BIAL|2020-07-28|210|1|5201410.599107143
NAC|BIAL|2020-08-04|280|1|5201410.599107143
NAC|BIAL|2020-08-11|46|1|5201410.599107143
NAC|BIAL|2020-08-18|36|1|5201410.599107143
NAC|BIAL|2020-08-25|54|1|5201410.599107143
NAC|BIAL|2020-07-22|160|2|4291141.981056176
NAC|BIAL|2020-07-29|48|2|4291141.981056176
NAC|BIAL|2020-08-19|260|2|4291141.981056176
NAC|BIAL|2020-08-26|228|2|4291141.981056176
NAC|BIAL|2020-07-23|276|3|4653756.505050505
NAC|BIAL|2020-07-30|2|3|4653756.505050505
NAC|BIAL|2020-08-06|2|3|4653756.505050505
NAC|BIAL|2020-08-13|264|3|4653756.505050505
NAC|BIAL|2020-08-20|106|3|4653756.505050505
NAC|BIAL|2020-08-27|26|3|4653756.505050505
NAC|BIAL|2020-07-24|300|4|4847031.222420635
NAC|BIAL|2020-07-31|230|4|4847031.222420635
NAC|BIAL|2020-08-14|214|4|4847031.222420635
NAC|BIAL|2020-08-21|36|4|4847031.222420635
NAC|BPRA|2020-07-27|64|0|6275061.209731543
NAC|BPRA|2020-08-03|6|0|6275061.209731543
NAC|BPRA|2020-08-10|250|0|6275061.209731543
NAC|BPRA|2020-08-17|32|0|6275061.209731543
NAC|BPRA|2020-08-24|114|0|6275061.209731543
NAC|BPRA|2020-07-28|42|1|6513427.781879194
NAC|BPRA|2020-08-04|208|1|6513427.781879194
NAC|BPRA|2020-08-11|286|1|6513427.781879194
NAC|BPRA|2020-08-18|62|1|6513427.781879194
NAC|BPRA|2020-08-25|146|1|6513427.781879194
NAC|BPRA|2020-07-22|120|2|6179620.034467924
NAC|BPRA|2020-07-29|182|2|6179620.034467924
NAC|BPRA|2020-08-05|208|2|6179620.034467924
NAC|BPRA|2020-08-12|248|2|6179620.034467924
NAC|BPRA|2020-08-19|164|2|6179620.034467924
NAC|BPRA|2020-08-26|204|2|6179620.034467924
NAC|BPRA|2020-07-23|264|3|6386624.69966443
NAC|BPRA|2020-07-30|296|3|6386624.69966443
NAC|BPRA|2020-08-06|44|3|6386624.69966443
NAC|BPRA|2020-08-13|8|3|6386624.69966443
NAC|BPRA|2020-08-20|214|3|6386624.69966443
NAC|BPRA|2020-08-27|28|3|6386624.69966443
NAC|BPRA|2020-07-24|174|4|6261571.073825504
NAC|BPRA|2020-07-31|272|4|6261571.073825504
NAC|BPRA|2020-08-07|86|4|6261571.073825504
NAC|BPRA|2020-08-14|270|4|6261571.073825504
NAC|BPRA|2020-08-21|54|4|6261571.073825504
NAC|BPRA|2020-08-28|184|4|6261571.073825504
NAC|CASA|2020-07-25|4|5|4584320.087328474
NAC|CASA|2020-08-01|84|5|4584320.087328474
NAC|CASA|2020-08-08|224|5|4584320.087328474
NAC|CASA|2020-08-15|138|5|4584320.087328474
NAC|CASA|2020-08-22|112|5|4584320.087328474
NAC|EMPR|2020-07-26|260|6|6133526.727556503
NAC|EMPR|2020-08-02|164|6|6133526.727556503
NAC|EMPR|2020-08-09|38|6|6133526.727556503
NAC|EMPR|2020-08-16|210|6|6133526.727556503
NAC|EMPR|2020-08-23|132|6|6133526.727556503
NAC|ESPO|2020-07-26|92|6|7199685.687672956
NAC|ESPO|2020-08-02|56|6|7199685.687672956
NAC|ESPO|2020-08-09|170|6|7199685.687672956
NAC|ESPO|2020-08-16|202|6|7199685.687672956
NAC|ESPO|2020-08-23|4|6|7199685.687672956
NAC|FATI|2020-07-27|126|0|6006491.399432383
NAC|FATI|2020-08-03|200|0|6006491.399432383
NAC|FATI|2020-08-10|104|0|6006491.399432383
NAC|FATI|2020-08-17|20|0|6006491.399432383
NAC|FATI|2020-08-24|274|0|6006491.399432383
NAC|FATI|2020-07-28|128|1|5659062.860580017
NAC|FATI|2020-08-04|124|1|5659062.860580017
NAC|FATI|2020-08-11|54|1|5659062.860580017
NAC|FATI|2020-08-18|150|1|5659062.860580017
NAC|FATI|2020-08-25|142|1|5659062.860580017
NAC|FATI|2020-07-22|222|2|5688893.91374919
NAC|FATI|2020-07-29|278|2|5688893.91374919
NAC|FATI|2020-08-05|6|2|5688893.91374919
NAC|FATI|2020-08-12|294|2|5688893.91374919
NAC|FATI|2020-08-19|54|2|5688893.91374919
NAC|FATI|2020-08-26|156|2|5688893.91374919
NAC|FATI|2020-07-23|254|3|5770342.948678514
NAC|FATI|2020-07-30|116|3|5770342.948678514
NAC|FATI|2020-08-06|76|3|5770342.948678514
NAC|FATI|2020-08-13|82|3|5770342.948678514
NAC|FATI|2020-08-20|44|3|5770342.948678514
NAC|FATI|2020-08-27|92|3|5770342.948678514
NAC|FATI|2020-07-24|86|4|5717994.160377998
NAC|FATI|2020-07-31|206|4|5717994.160377998
NAC|FATI|2020-08-07|262|4|5717994.160377998
NAC|FATI|2020-08-14|52|4|5717994.160377998
NAC|FATI|2020-08-21|108|4|5717994.160377998
NAC|FATI|2020-08-28|224|4|5717994.160377998
NAC|GRUD|2020-07-26|228|6|8704061.82786168
NAC|GRUD|2020-08-02|228|6|8704061.82786168
NAC|GRUD|2020-08-09|32|6|8704061.82786168
NAC|GRUD|2020-08-16|240|6|8704061.82786168
NAC|GRUD|2020-08-23|138|6|8704061.82786168
NAC|HORA|2020-07-27|108|0|3291931.133333333
NAC|HORA|2020-08-03|182|0|3291931.133333333
NAC|HORA|2020-08-10|82|0|3291931.133333333
NAC|HORA|2020-08-17|210|0|3291931.133333333
NAC|HORA|2020-08-24|78|0|3291931.133333333
NAC|HORA|2020-07-28|202|1|3033625.345308123
NAC|HORA|2020-08-04|100|1|3033625.345308123
NAC|HORA|2020-08-11|66|1|3033625.345308123
NAC|HORA|2020-08-18|126|1|3033625.345308123
NAC|HORA|2020-08-25|24|1|3033625.345308123
NAC|HORA|2020-07-22|146|2|2865185.741806723
NAC|HORA|2020-07-29|230|2|2865185.741806723
NAC|HORA|2020-08-05|90|2|2865185.741806723
NAC|HORA|2020-08-12|280|2|2865185.741806723
NAC|HORA|2020-08-19|280|2|2865185.741806723
NAC|HORA|2020-08-26|18|2|2865185.741806723
NAC|HORA|2020-07-23|34|3|3177240.48125
NAC|HORA|2020-07-30|14|3|3177240.48125
NAC|HORA|2020-08-06|232|3|3177240.48125
NAC|HORA|2020-08-13|84|3|3177240.48125
NAC|HORA|2020-08-20|36|3|3177240.48125
NAC|HORA|2020-08-27|110|3|3177240.48125
NAC|HORA|2020-07-24|124|4|2977642.244572829
NAC|HORA|2020-07-31|82|4|2977642.244572829
NAC|HORA|2020-08-07|274|4|2977642.244572829
NAC|HORA|2020-08-14|88|4|2977642.244572829
NAC|HORA|2020-08-21|14|4|2977642.244572829
NAC|HORA|2020-08-28|208|4|2977642.244572829
NAC|HUCK|2020-07-25|274|5|12394856.41257696
NAC|HUCK|2020-08-01|254|5|12394856.41257696
NAC|HUCK|2020-08-08|298|5|12394856.41257696
NAC|HUCK|2020-08-15|70|5|12394856.41257696
NAC|HUCK|2020-08-22|252|5|12394856.41257696
NAC|JHOJ|2020-07-27|172|0|12212468.570224108
NAC|JHOJ|2020-08-03|122|0|12212468.570224108
NAC|JHOJ|2020-08-10|4|0|12212468.570224108
NAC|JHOJ|2020-08-17|152|0|12212468.570224108
NAC|JHOJ|2020-08-24|38|0|12212468.570224108
NAC|JHOJ|2020-07-28|124|1|11577079.912076134
NAC|JHOJ|2020-08-04|70|1|11577079.912076134
NAC|JHOJ|2020-08-11|266|1|11577079.912076134
NAC|JHOJ|2020-08-18|250|1|11577079.912076134
NAC|JHOJ|2020-08-25|264|1|11577079.912076134
NAC|JHOJ|2020-07-22|226|2|11505839.476989202
NAC|JHOJ|2020-07-29|16|2|11505839.476989202
NAC|JHOJ|2020-08-05|88|2|11505839.476989202
NAC|JHOJ|2020-08-12|270|2|11505839.476989202
NAC|JHOJ|2020-08-19|274|2|11505839.476989202
NAC|JHOJ|2020-08-26|190|2|11505839.476989202
NAC|JHOJ|2020-07-23|222|3|11687666.115617821
NAC|JHOJ|2020-07-30|200|3|11687666.115617821
NAC|JHOJ|2020-08-06|192|3|11687666.115617821
NAC|JHOJ|2020-08-13|196|3|11687666.115617821
NAC|JHOJ|2020-08-20|236|3|11687666.115617821
NAC|JHOJ|2020-08-27|270|3|11687666.115617821
NAC|JHOJ|2020-07-24|230|4|11274500.088970153
NAC|JHOJ|2020-07-31|268|4|11274500.088970153
NAC|JHOJ|2020-08-07|134|4|11274500.088970153
NAC|JHOJ|2020-08-14|236|4|11274500.088970153
NAC|JHOJ|2020-08-21|286|4|11274500.088970153
NAC|JHOJ|2020-08-28|296|4|11274500.088970153
NAC|JHOJ|2020-07-25|68|5|12802464.457266483
NAC|JHOJ|2020-08-01|72|5|12802464.457266483
NAC|JHOJ|2020-08-08|126|5|12802464.457266483
NAC|JHOJ|2020-08-15|186|5|12802464.457266483
NAC|JHOJ|2020-08-22|280|5|12802464.457266483
NAC|NBRA|2020-07-27|10|0|7168841.569631711
NAC|NBRA|2020-08-03|240|0|7168841.569631711
NAC|NBRA|2020-08-10|174|0|7168841.569631711
NAC|NBRA|2020-08-17|230|0|7168841.569631711
NAC|NBRA|2020-08-24|168|0|7168841.569631711
NAC|NBRA|2020-07-28|200|1|6974492.9648382515
NAC|NBRA|2020-08-04|262|1|6974492.9648382515
NAC|NBRA|2020-08-11|66|1|6974492.9648382515
NAC|NBRA|2020-08-18|174|1|6974492.9648382515
NAC|NBRA|2020-08-25|72|1|6974492.9648382515
NAC|NBRA|2020-07-22|228|2|6468163.695997106
NAC|NBRA|2020-07-29|26|2|6468163.695997106
NAC|NBRA|2020-08-05|220|2|6468163.695997106
NAC|NBRA|2020-08-12|222|2|6468163.695997106
NAC|NBRA|2020-08-19|292|2|6468163.695997106
NAC|NBRA|2020-08-26|144|2|6468163.695997106
NAC|NBRA|2020-07-23|294|3|6922409.210192377
NAC|NBRA|2020-07-30|208|3|6922409.210192377
NAC|NBRA|2020-08-06|234|3|6922409.210192377
NAC|NBRA|2020-08-13|46|3|6922409.210192377
NAC|NBRA|2020-08-20|74|3|6922409.210192377
NAC|NBRA|2020-08-27|262|3|6922409.210192377
NAC|NBRA|2020-07-24|96|4|6893598.732765986
NAC|NBRA|2020-07-31|232|4|6893598.732765986
NAC|NBRA|2020-08-07|216|4|6893598.732765986
NAC|NBRA|2020-08-14|200|4|6893598.732765986
NAC|NBRA|2020-08-21|180|4|6893598.732765986
NAC|NBRA|2020-08-28|298|4|6893598.732765986
NAC|PTV1|2020-07-27|48|0|12804275.47048735
NAC|PTV1|2020-08-03|142|0|12804275.47048735
NAC|PTV1|2020-08-10|250|0|12804275.47048735
NAC|PTV1|2020-08-17|186|0|12804275.47048735
NAC|PTV1|2020-08-24|110|0|12804275.47048735
NAC|PTV1|2020-07-28|10|1|12108980.909530982
NAC|PTV1|2020-08-04|120|1|12108980.909530982
NAC|PTV1|2020-08-11|90|1|12108980.909530982
NAC|PTV1|2020-08-18|158|1|12108980.909530982
NAC|PTV1|2020-08-25|290|1|12108980.909530982
NAC|PTV1|2020-07-22|252|2|12100695.39145869
NAC|PTV1|2020-07-29|146|2|12100695.39145869
NAC|PTV1|2020-08-05|100|2|12100695.39145869
NAC|PTV1|2020-08-12|80|2|12100695.39145869
NAC|PTV1|2020-08-19|162|2|12100695.39145869
NAC|PTV1|2020-08-26|32|2|12100695.39145869
NAC|PTV1|2020-07-23|72|3|12089412.51231319
NAC|PTV1|2020-07-30|224|3|12089412.51231319
NAC|PTV1|2020-08-06|78|3|12089412.51231319
NAC|PTV1|2020-08-13|216|3|12089412.51231319
NAC|PTV1|2020-08-20|176|3|12089412.51231319
NAC|PTV1|2020-08-27|234|3|12089412.51231319
NAC|PTV1|2020-07-24|102|4|11734933.27607993
NAC|PTV1|2020-07-31|70|4|11734933.27607993
NAC|PTV1|2020-08-07|222|4|11734933.27607993
NAC|PTV1|2020-08-14|96|4|11734933.27607993
NAC|PTV1|2020-08-21|182|4|11734933.27607993
NAC|PTV1|2020-08-28|66|4|11734933.27607993
NAC|PTV1|2020-07-25|244|5|11314244.102024432
NAC|PTV1|2020-08-01|164|5|11314244.102024432
NAC|PTV1|2020-08-08|56|5|11314244.102024432
NAC|PTV1|2020-08-15|138|5|11314244.102024432
NAC|PTV1|2020-08-22|174|5|11314244.102024432
NAC|SAME|2020-07-27|166|0|5206793.859030679
NAC|SAME|2020-08-03|136|0|5206793.859030679
NAC|SAME|2020-08-10|74|0|5206793.859030679
NAC|SAME|2020-08-17|294|0|5206793.859030679
NAC|SAME|2020-08-24|62|0|5206793.859030679
NAC|SAME|2020-07-28|78|1|4154762.1626965776
NAC|SAME|2020-08-04|34|1|4154762.1626965776
NAC|SAME|2020-08-11|128|1|4154762.1626965776
NAC|SAME|2020-08-18|300|1|4154762.1626965776
NAC|SAME|2020-08-25|298|1|4154762.1626965776
NAC|SAME|2020-07-22|138|2|3797250.989986124
NAC|SAME|2020-07-29|22|2|3797250.989986124
NAC|SAME|2020-08-05|104|2|3797250.989986124
NAC|SAME|2020-08-12|232|2|3797250.989986124
NAC|SAME|2020-08-19|30|2|3797250.989986124
NAC|SAME|2020-08-26|160|2|3797250.989986124
NAC|SAME|2020-07-23|174|3|4138908.3100023344
NAC|SAME|2020-07-30|30|3|4138908.3100023344
NAC|SAME|2020-08-06|84|3|4138908.3100023344
NAC|SAME|2020-08-13|234|3|4138908.3100023344
NAC|SAME|2020-08-20|184|3|4138908.3100023344
NAC|SAME|2020-08-27|180|3|4138908.3100023344
NAC|SAME|2020-07-24|300|4|3890983.3752216306
NAC|SAME|2020-07-31|106|4|3890983.3752216306
NAC|SAME|2020-08-07|50|4|3890983.3752216306
NAC|SAME|2020-08-14|222|4|3890983.3752216306
NAC|SAME|2020-08-21|226|4|3890983.3752216306
NAC|SAME|2020-08-28|248|4|3890983.3752216306
NAC|SERA|2020-07-25|188|5|2770859.4448068817
NAC|SERA|2020-08-01|66|5|2770859.4448068817
NAC|SERA|2020-08-08|192|5|2770859.4448068817
NAC|SERA|2020-08-15|218|5|2770859.4448068817
NAC|SERA|2020-08-22|68|5|2770859.4448068817
NAC|SUCI|2020-07-25|106|5|5079696.314599099
NAC|SUCI|2020-08-01|208|5|5079696.314599099
NAC|SUCI|2020-08-08|30|5|5079696.314599099
NAC|SUCI|2020-08-15|88|5|5079696.314599099
NAC|SUCI|2020-08-22|172|5|5079696.314599099
NAC|TARA|2020-07-27|18|0|12084786.137840308
NAC|TARA|2020-08-03|218|0|12084786.137840308
NAC|TARA|2020-08-10|292|0|12084786.137840308
NAC|TARA|2020-08-17|280|0|12084786.137840308
NAC|TARA|2020-08-24|226|0|12084786.137840308
NAC|TARA|2020-07-28|76|1|11745546.874654524
NAC|TARA|2020-08-04|82|1|11745546.874654524
NAC|TARA|2020-08-11|282|1|11745546.874654524
NAC|TARA|2020-08-18|112|1|11745546.874654524
NAC|TARA|2020-08-25|232|1|11745546.874654524
NAC|TARA|2020-07-22|78|2|11439061.743932372
NAC|TARA|2020-07-29|56|2|11439061.743932372
NAC|TARA|2020-08-05|116|2|11439061.743932372
NAC|TARA|2020-08-12|116|2|11439061.743932372
NAC|TARA|2020-08-19|290|2|11439061.743932372
NAC|TARA|2020-08-26|284|2|11439061.743932372
NAC|TARA|2020-07-23|82|3|11319217.283011017
NAC|TARA|2020-07-30|174|3|11319217.283011017
NAC|TARA|2020-08-06|64|3|11319217.283011017
NAC|TARA|2020-08-13|184|3|11319217.283011017
NAC|TARA|2020-08-20|24|3|11319217.283011017
NAC|TARA|2020-08-27|266|3|11319217.283011017
NAC|TARA|2020-07-24|8|4|11458766.413820174
NAC|TARA|2020-07-31|114|4|11458766.413820174
NAC|TARA|2020-08-07|136|4|11458766.413820174
NAC|TARA|2020-08-14|138|4|11458766.413820174
NAC|TARA|2020-08-21|166|4|11458766.413820174
NAC|TARA|2020-08-28|94|4|11458766.413820174
NAC|TMAX|2020-07-26|104|6|11981313.63986734
NAC|TMAX|2020-08-02|174|6|11981313.63986734
NAC|TMAX|2020-08-09|248|6|11981313.63986734
NAC|TMAX|2020-08-16|112|6|11981313.63986734
NAC|TMAX|2020-08-23|8|6|11981313.63986734
NAC|VALE|2020-07-27|6|0|20976666.876657233
NAC|VALE|2020-08-03|122|0|20976666.876657233
NAC|VALE|2020-08-10|78|0|20976666.876657233
NAC|VALE|2020-08-17|108|0|20976666.876657233
NAC|VALE|2020-08-24|28|0|20976666.876657233
NAC|VALE|2020-07-28|212|1|20644593.320659086
NAC|VALE|2020-08-04|156|1|20644593.320659086
NAC|VALE|2020-08-11|290|1|20644593.320659086
NAC|VALE|2020-08-18|134|1|20644593.320659086
NAC|VALE|2020-08-25|80|1|20644593.320659086
NAC|VALE|2020-07-22|10|2|20692090.37292465
NAC|VALE|2020-07-29|270|2|20692090.37292465
NAC|VALE|2020-08-05|176|2|20692090.37292465
NAC|VALE|2020-08-12|164|2|20692090.37292465
NAC|VALE|2020-08-19|292|2|20692090.37292465
NAC|VALE|2020-08-26|300|2|20692090.37292465
NAC|VALE|2020-07-23|146|3|20576992.359871294
NAC|VALE|2020-07-30|228|3|20576992.359871294
NAC|VALE|2020-08-06|290|3|20576992.359871294
NAC|VALE|2020-08-13|192|3|20576992.359871294
NAC|VALE|2020-08-20|144|3|20576992.359871294
NAC|VALE|2020-08-27|18|3|20576992.359871294
NAC|VALE|2020-07-24|60|4|21065039.701537706
NAC|VALE|2020-07-31|78|4|21065039.701537706
NAC|VALE|2020-08-07|18|4|21065039.701537706
NAC|VALE|2020-08-14|110|4|21065039.701537706
NAC|VALE|2020-08-21|90|4|21065039.701537706
NAC|VALE|2020-08-28|178|4|21065039.701537706
PE1|AUTO|2020-07-26|138|6|186839.7589793584
PE1|AUTO|2020-08-02|20|6|186839.7589793584
PE1|AUTO|2020-08-09|10|6|186839.7589793584
PE1|AUTO|2020-08-16|2|6|186839.7589793584
PE1|AUTO|2020-08-23|102|6|186839.7589793584
PE1|BIAL|2020-07-27|176|0|126155.1367666325
PE1|BIAL|2020-08-03|104|0|126155.1367666325
PE1|BIAL|2020-08-10|100|0|126155.1367666325
PE1|BIAL|2020-08-17|200|0|126155.1367666325
PE1|BIAL|2020-07-28|120|1|71665.31332046332
PE1|BIAL|2020-08-04|50|1|71665.31332046332
PE1|BIAL|2020-08-11|120|1|71665.31332046332
PE1|BIAL|2020-08-18|186|1|71665.31332046332
PE1|BIAL|2020-08-25|118|1|71665.31332046332
PE1|BIAL|2020-07-22|96|2|68447.9317249062
PE1|BIAL|2020-07-29|158|2|68447.9317249062
PE1|BIAL|2020-08-19|132|2|68447.9317249062
PE1|BIAL|2020-08-26|230|2|68447.9317249062
PE1|BIAL|2020-07-23|98|3|36080.76246621455
PE1|BIAL|2020-07-30|256|3|36080.76246621455
PE1|BIAL|2020-08-06|248|3|36080.76246621455
PE1|BIAL|2020-08-13|44|3|36080.76246621455
PE1|BIAL|2020-08-20|64|3|36080.76246621455
PE1|BIAL|2020-08-27|126|3|36080.76246621455
PE1|BIAL|2020-07-24|192|4|66670.29855212355
PE1|BIAL|2020-07-31|270|4|66670.29855212355
PE1|BIAL|2020-08-14|36|4|66670.29855212355
PE1|BIAL|2020-08-21|92|4|66670.29855212355
PE1|BPRA|2020-07-27|258|0|195407.3976510067
PE1|BPRA|2020-08-03|64|0|195407.3976510067
PE1|BPRA|2020-08-10|242|0|195407.3976510067
PE1|BPRA|2020-08-17|116|0|195407.3976510067
PE1|BPRA|2020-08-24|288|0|195407.3976510067
PE1|BPRA|2020-07-28|96|1|201402.97651006712
PE1|BPRA|2020-08-04|116|1|201402.97651006712
PE1|BPRA|2020-08-11|156|1|201402.97651006712
PE1|BPRA|2020-08-18|88|1|201402.97651006712
PE1|BPRA|2020-08-25|202|1|201402.97651006712
PE1|BPRA|2020-07-22|82|2|165875.1234072495
PE1|BPRA|2020-07-29|84|2|165875.1234072495
PE1|BPRA|2020-08-05|156|2|165875.1234072495
PE1|BPRA|2020-08-12|172|2|165875.1234072495
PE1|BPRA|2020-08-19|274|2|165875.1234072495
PE1|BPRA|2020-08-26|46|2|165875.1234072495
PE1|BPRA|2020-07-23|16|3|180408.0654362416
PE1|BPRA|2020-07-30|254|3|180408.0654362416
PE1|BPRA|2020-08-06|24|3|180408.0654362416
PE1|BPRA|2020-08-13|218|3|180408.0654362416
PE1|BPRA|2020-08-20|160|3|180408.0654362416
PE1|BPRA|2020-08-27|24|3|180408.0654362416
PE1|BPRA|2020-07-24|154|4|188399.38590604026
PE1|BPRA|2020-07-31|98|4|188399.38590604026
PE1|BPRA|2020-08-07|88|4|188399.38590604026
PE1|BPRA|2020-08-14|194|4|188399.38590604026
PE1|BPRA|2020-08-21|296|4|188399.38590604026
PE1|BPRA|2020-08-28|262|4|188399.38590604026
PE1|CASA|2020-07-25|172|5|90199.32497156829
PE1|CASA|2020-08-01|94|5|90199.32497156829
PE1|CASA|2020-08-08|56|5|90199.32497156829
PE1|CASA|2020-08-15|78|5|90199.32497156829
PE1|CASA|2020-08-22|270|5|90199.32497156829
PE1|EMPR|2020-07-26|158|6|162239.26511379803
PE1|EMPR|2020-08-02|126|6|162239.26511379803
PE1|EMPR|2020-08-09|274|6|162239.26511379803
PE1|EMPR|2020-08-16|76|6|162239.26511379803
PE1|EMPR|2020-08-23|286|6|162239.26511379803
PE1|ESPO|2020-07-26|146|6|186826.9586595912
PE1|ESPO|2020-08-02|188|6|186826.9586595912
PE1|ESPO|2020-08-09|96|6|186826.9586595912
PE1|ESPO|2020-08-16|10|6|186826.9586595912
PE1|ESPO|2020-08-23|228|6|186826.9586595912
PE1|FATI|2020-07-27|10|0|169465.45069745518
PE1|FATI|2020-08-03|56|0|169465.45069745518
PE1|FATI|2020-08-10|264|0|169465.45069745518
PE1|FATI|2020-08-17|12|0|169465.45069745518
PE1|FATI|2020-08-24|138|0|169465.45069745518
PE1|FATI|2020-07-28|208|1|141951.73069975924
PE1|FATI|2020-08-04|26|1|141951.73069975924
PE1|FATI|2020-08-11|166|1|141951.73069975924
PE1|FATI|2020-08-18|202|1|141951.73069975924
PE1|FATI|2020-08-25|118|1|141951.73069975924
PE1|FATI|2020-07-22|156|2|134423.23460104657
PE1|FATI|2020-07-29|154|2|134423.23460104657
PE1|FATI|2020-08-05|260|2|134423.23460104657
PE1|FATI|2020-08-12|62|2|134423.23460104657
PE1|FATI|2020-08-19|68|2|134423.23460104657
PE1|FATI|2020-08-26|30|2|134423.23460104657
PE1|FATI|2020-07-23|132|3|150072.57662871428
PE1|FATI|2020-07-30|246|3|150072.57662871428
PE1|FATI|2020-08-06|68|3|150072.57662871428
PE1|FATI|2020-08-13|222|3|150072.57662871428
PE1|FATI|2020-08-20|52|3|150072.57662871428
PE1|FATI|2020-08-27|158|3|150072.57662871428
PE1|FATI|2020-07-24|176|4|166885.1918439236
PE1|FATI|2020-07-31|274|4|166885.1918439236
PE1|FATI|2020-08-07|206|4|166885.1918439236
PE1|FATI|2020-08-14|32|4|166885.1918439236
PE1|FATI|2020-08-21|86|4|166885.1918439236
PE1|FATI|2020-08-28|50|4|166885.1918439236
PE1|GRUD|2020-07-26|18|6|221692.59344976261
PE1|GRUD|2020-08-02|120|6|221692.59344976261
PE1|GRUD|2020-08-09|50|6|221692.59344976261
PE1|GRUD|2020-08-16|126|6|221692.59344976261
PE1|GRUD|2020-08-23|300|6|221692.59344976261
PE1|HORA|2020-07-27|58|0|47839.833333333336
PE1|HORA|2020-08-03|260|0|47839.833333333336
PE1|HORA|2020-08-10|284|0|47839.833333333336
PE1|HORA|2020-08-17|194|0|47839.833333333336
PE1|HORA|2020-08-24|174|0|47839.833333333336
PE1|HORA|2020-07-28|228|1|51054.472916666666
PE1|HORA|2020-08-04|58|1|51054.472916666666
PE1|HORA|2020-08-11|70|1|51054.472916666666
PE1|HORA|2020-08-18|48|1|51054.472916666666
PE1|HORA|2020-08-25|148|1|51054.472916666666
PE1|HORA|2020-07-22|86|2|51999.1974614846
PE1|HORA|2020-07-29|196|2|51999.1974614846
PE1|HORA|2020-08-05|176|2|51999.1974614846
PE1|HORA|2020-08-12|290|2|51999.1974614846
PE1|HORA|2020-08-19|138|2|51999.1974614846
PE1|HORA|2020-08-26|68|2|51999.1974614846
PE1|HORA|2020-07-23|116|3|35187.97916666667
PE1|HORA|2020-07-30|266|3|35187.97916666667
PE1|HORA|2020-08-06|24|3|35187.97916666667
PE1|HORA|2020-08-13|62|3|35187.97916666667
PE1|HORA|2020-08-20|282|3|35187.97916666667
PE1|HORA|2020-08-27|44|3|35187.97916666667
PE1|HORA|2020-07-24|112|4|43243.74040616247
PE1|HORA|2020-07-31|18|4|43243.74040616247
PE1|HORA|2020-08-07|174|4|43243.74040616247
PE1|HORA|2020-08-14|242|4|43243.74040616247
PE1|HORA|2020-08-21|260|4|43243.74040616247
PE1|HORA|2020-08-28|40|4|43243.74040616247
PE1|HUCK|2020-07-25|146|5|365833.4243359567
PE1|HUCK|2020-08-01|260|5|365833.4243359567
PE1|HUCK|2020-08-08|146|5|365833.4243359567
PE1|HUCK|2020-08-15|274|5|365833.4243359567
PE1|HUCK|2020-08-22|26|5|365833.4243359567
PE1|JHOJ|2020-07-27|78|0|290485.2001439611
PE1|JHOJ|2020-08-03|284|0|290485.2001439611
PE1|JHOJ|2020-08-10|62|0|290485.2001439611
PE1|JHOJ|2020-08-17|20|0|290485.2001439611
PE1|JHOJ|2020-08-24|202|0|290485.2001439611
PE1|JHOJ|2020-07-28|212|1|274078.34477920184
PE1|JHOJ|2020-08-04|16|1|274078.34477920184
PE1|JHOJ|2020-08-11|78|1|274078.34477920184
PE1|JHOJ|2020-08-18|14|1|274078.34477920184
PE1|JHOJ|2020-08-25|180|1|274078.34477920184
PE1|JHOJ|2020-07-22|104|2|302781.569963538
PE1|JHOJ|2020-07-29|24|2|302781.569963538
PE1|JHOJ|2020-08-05|72|2|302781.569963538
PE1|JHOJ|2020-08-12|198|2|302781.569963538
PE1|JHOJ|2020-08-19|272|2|302781.569963538
PE1|JHOJ|2020-08-26|240|2|302781.569963538
PE1|JHOJ|2020-07-23|16|3|281344.03127433
PE1|JHOJ|2020-07-30|282|3|281344.03127433
PE1|JHOJ|2020-08-06|158|3|281344.03127433
PE1|JHOJ|2020-08-13|256|3|281344.03127433
PE1|JHOJ|2020-08-20|260|3|281344.03127433
PE1|JHOJ|2020-08-27|188|3|281344.03127433
PE1|JHOJ|2020-07-24|26|4|266431.30604431574
PE1|JHOJ|2020-07-31|278|4|266431.30604431574
PE1|JHOJ|2020-08-07|214|4|266431.30604431574
PE1|JHOJ|2020-08-14|128|4|266431.30604431574
PE1|JHOJ|2020-08-21|78|4|266431.30604431574
PE1|JHOJ|2020-08-28|234|4|266431.30604431574
PE1|JHOJ|2020-07-25|194|5|325441.2955631868
PE1|JHOJ|2020-08-01|184|5|325441.2955631868
PE1|JHOJ|2020-08-08|58|5|325441.2955631868
PE1|JHOJ|2020-08-15|70|5|325441.2955631868
PE1|JHOJ|2020-08-22|50|5|325441.2955631868
PE1|NBRA|2020-07-27|48|0|208276.5122659176
PE1|NBRA|2020-08-03|158|0|208276.5122659176
PE1|NBRA|2020-08-10|82|0|208276.5122659176
PE1|NBRA|2020-08-17|268|0|208276.5122659176
PE1|NBRA|2020-08-24|96|0|208276.5122659176
PE1|NBRA|2020-07-28|270|1|168000.39282970462
PE1|NBRA|2020-08-04|268|1|168000.39282970462
PE1|NBRA|2020-08-11|292|1|168000.39282970462
PE1|NBRA|2020-08-18|50|1|168000.39282970462
PE1|NBRA|2020-08-25|268|1|168000.39282970462
PE1|NBRA|2020-07-22|168|2|144901.87467588592
PE1|NBRA|2020-07-29|190|2|144901.87467588592
PE1|NBRA|2020-08-05|158|2|144901.87467588592
PE1|NBRA|2020-08-12|194|2|144901.87467588592
PE1|NBRA|2020-08-19|276|2|144901.87467588592
PE1|NBRA|2020-08-26|182|2|144901.87467588592
PE1|NBRA|2020-07-23|248|3|158951.57742684093
PE1|NBRA|2020-07-30|268|3|158951.57742684093
PE1|NBRA|2020-08-06|240|3|158951.57742684093
PE1|NBRA|2020-08-13|284|3|158951.57742684093
PE1|NBRA|2020-08-20|278|3|158951.57742684093
PE1|NBRA|2020-08-27|156|3|158951.57742684093
PE1|NBRA|2020-07-24|122|4|185987.71388161622
PE1|NBRA|2020-07-31|168|4|185987.71388161622
PE1|NBRA|2020-08-07|4|4|185987.71388161622
PE1|NBRA|2020-08-14|228|4|185987.71388161622
PE1|NBRA|2020-08-21|210|4|185987.71388161622
PE1|NBRA|2020-08-28|34|4|185987.71388161622
PE1|PTV1|2020-07-27|268|0|327767.71547619044
PE1|PTV1|2020-08-03|230|0|327767.71547619044
PE1|PTV1|2020-08-10|242|0|327767.71547619044
PE1|PTV1|2020-08-17|150|0|327767.71547619044
PE1|PTV1|2020-08-24|234|0|327767.71547619044
PE1|PTV1|2020-07-28|96|1|275423.9224439776
PE1|PTV1|2020-08-04|250|1|275423.9224439776
PE1|PTV1|2020-08-11|206|1|275423.9224439776
PE1|PTV1|2020-08-18|106|1|275423.9224439776
PE1|PTV1|2020-08-25|40|1|275423.9224439776
PE1|PTV1|2020-07-22|250|2|294390.06388997455
PE1|PTV1|2020-07-29|58|2|294390.06388997455
PE1|PTV1|2020-08-05|170|2|294390.06388997455
PE1|PTV1|2020-08-12|12|2|294390.06388997455
PE1|PTV1|2020-08-19|70|2|294390.06388997455
PE1|PTV1|2020-08-26|190|2|294390.06388997455
PE1|PTV1|2020-07-23|212|3|288042.52993528737
PE1|PTV1|2020-07-30|248|3|288042.52993528737
PE1|PTV1|2020-08-06|264|3|288042.52993528737
PE1|PTV1|2020-08-13|144|3|288042.52993528737
PE1|PTV1|2020-08-20|228|3|288042.52993528737
PE1|PTV1|2020-08-27|30|3|288042.52993528737
PE1|PTV1|2020-07-24|74|4|275466.04611302353
PE1|PTV1|2020-07-31|80|4|275466.04611302353
PE1|PTV1|2020-08-07|296|4|275466.04611302353
PE1|PTV1|2020-08-14|220|4|275466.04611302353
PE1|PTV1|2020-08-21|266|4|275466.04611302353
PE1|PTV1|2020-08-28|242|4|275466.04611302353
PE1|PTV1|2020-07-25|136|5|286919.63040054176
PE1|PTV1|2020-08-01|48|5|286919.63040054176
PE1|PTV1|2020-08-08|22|5|286919.63040054176
PE1|PTV1|2020-08-15|212|5|286919.63040054176
PE1|PTV1|2020-08-22|104|5|286919.63040054176
PE1|SAME|2020-07-27|170|0|76291.95847519116
PE1|SAME|2020-08-03|166|0|76291.95847519116
PE1|SAME|2020-08-10|112|0|76291.95847519116
PE1|SAME|2020-08-17|254|0|76291.95847519116
PE1|SAME|2020-08-24|276|0|76291.95847519116
PE1|SAME|2020-07-28|280|1|49502.58267807585
PE1|SAME|2020-08-04|98|1|49502.58267807585
PE1|SAME|2020-08-11|298|1|49502.58267807585
PE1|SAME|2020-08-18|236|1|49502.58267807585
PE1|SAME|2020-08-25|28|1|49502.58267807585
PE1|SAME|2020-07-22|186|2|44923.413858843895
PE1|SAME|2020-07-29|8|2|44923.413858843895
PE1|SAME|2020-08-05|166|2|44923.413858843895
PE1|SAME|2020-08-12|168|2|44923.413858843895
PE1|SAME|2020-08-19|166|2|44923.413858843895
PE1|SAME|2020-08-26|110|2|44923.413858843895
PE1|SAME|2020-07-23|144|3|36929.52612781955
PE1|SAME|2020-07-30|50|3|36929.52612781955
PE1|SAME|2020-08-06|292|3|36929.52612781955
PE1|SAME|2020-08-13|194|3|36929.52612781955
PE1|SAME|2020-08-20|88|3|36929.52612781955
PE1|SAME|2020-08-27|96|3|36929.52612781955
PE1|SAME|2020-07-24|234|4|41599.669386811154
PE1|SAME|2020-07-31|102|4|41599.669386811154
PE1|SAME|2020-08-07|188|4|41599.669386811154
PE1|SAME|2020-08-14|22|4|41599.669386811154
PE1|SAME|2020-08-21|68|4|41599.669386811154
PE1|SAME|2020-08-28|178|4|41599.669386811154
PE1|SERA|2020-07-25|32|5|38411.95221158987
PE1|SERA|2020-08-01|188|5|38411.95221158987
PE1|SERA|2020-08-08|290|5|38411.95221158987
PE1|SERA|2020-08-15|230|5|38411.95221158987
PE1|SERA|2020-08-22|242|5|38411.95221158987
PE1|SUCI|2020-07-25|240|5|53380.89862968439
PE1|SUCI|2020-08-01|254|5|53380.89862968439
PE1|SUCI|2020-08-08|14|5|53380.89862968439
PE1|SUCI|2020-08-15|146|5|53380.89862968439
PE1|SUCI|2020-08-22|24|5|53380.89862968439
PE1|TARA|2020-07-27|56|0|380552.80056399794
PE1|TARA|2020-08-03|128|0|380552.80056399794
PE1|TARA|2020-08-10|238|0|380552.80056399794
PE1|TARA|2020-08-17|134|0|380552.80056399794
PE1|TARA|2020-08-24|254|0|380552.80056399794
PE1|TARA|2020-07-28|178|1|384927.5531511677
PE1|TARA|2020-08-04|48|1|384927.5531511677
PE1|TARA|2020-08-11|74|1|384927.5531511677
PE1|TARA|2020-08-18|182|1|384927.5531511677
PE1|TARA|2020-08-25|206|1|384927.5531511677
PE1|TARA|2020-07-22|92|2|378342.41889592586
PE1|TARA|2020-07-29|170|2|378342.41889592586
PE1|TARA|2020-08-05|94|2|378342.41889592586
PE1|TARA|2020-08-12|176|2|378342.41889592586
PE1|TARA|2020-08-19|54|2|378342.41889592586
PE1|TARA|2020-08-26|286|2|378342.41889592586
PE1|TARA|2020-07-23|266|3|347775.4529372455
PE1|TARA|2020-07-30|60|3|347775.4529372455
PE1|TARA|2020-08-06|230|3|347775.4529372455
PE1|TARA|2020-08-13|34|3|347775.4529372455
PE1|TARA|2020-08-20|74|3|347775.4529372455
PE1|TARA|2020-08-27|36|3|347775.4529372455
PE1|TARA|2020-07-24|200|4|348951.5019363875
PE1|TARA|2020-07-31|116|4|348951.5019363875
PE1|TARA|2020-08-07|46|4|348951.5019363875
PE1|TARA|2020-08-14|142|4|348951.5019363875
PE1|TARA|2020-08-21|10|4|348951.5019363875
PE1|TARA|2020-08-28|156|4|348951.5019363875
PE1|TMAX|2020-07-26|250|6|360845.60080797586
PE1|TMAX|2020-08-02|68|6|360845.60080797586
PE1|TMAX|2020-08-09|120|6|360845.60080797586
PE1|TMAX|2020-08-16|268|6|360845.60080797586
PE1|TMAX|2020-08-23|258|6|360845.60080797586
PE1|VALE|2020-07-27|190|0|699120.2957317074
PE1|VALE|2020-08-03|250|0|699120.2957317074
PE1|VALE|2020-08-10|202|0|699120.2957317074
PE1|VALE|2020-08-17|114|0|699120.2957317074
PE1|VALE|2020-08-24|126|0|699120.2957317074
PE1|VALE|2020-07-28|40|1|716132.36808157
PE1|VALE|2020-08-04|100|1|716132.36808157
PE1|VALE|2020-08-11|220|1|716132.36808157
PE1|VALE|2020-08-18|216|1|716132.36808157
PE1|VALE|2020-08-25|8|1|716132.36808157
PE1|VALE|2020-07-22|288|2|648339.2643459958
PE1|VALE|2020-07-29|90|2|648339.2643459958
PE1|VALE|2020-08-05|182|2|648339.2643459958
PE1|VALE|2020-08-12|120|2|648339.2643459958
PE1|VALE|2020-08-19|94|2|648339.2643459958
PE1|VALE|2020-08-26|188|2|648339.2643459958
PE1|VALE|2020-07-23|76|3|664768.3500577344
PE1|VALE|2020-07-30|2|3|664768.3500577344
PE1|VALE|2020-08-06|202|3|664768.3500577344
PE1|VALE|2020-08-13|142|3|664768.3500577344
PE1|VALE|2020-08-20|2|3|664768.3500577344
PE1|VALE|2020-08-27|66|3|664768.3500577344
PE1|VALE|2020-07-24|46|4|698493.572488778
PE1|VALE|2020-07-31|76|4|698493.572488778
PE1|VALE|2020-08-07|218|4|698493.572488778
PE1|VALE|2020-08-14|260|4|698493.572488778
PE1|VALE|2020-08-21|92|4|698493.572488778
PE1|VALE|2020-08-28|12|4|698493.572488778
RJ|AUTO|2020-07-26|290|6|606037.4897033409
RJ|AUTO|2020-08-02|2|6|606037.4897033409
RJ|AUTO|2020-08-09|212|6|606037.4897033409
RJ|AUTO|2020-08-16|292|6|606037.4897033409
RJ|AUTO|2020-08-23|272|6|606037.4897033409
RJ|BIAL|2020-07-27|94|0|505077.59791666665
RJ|BIAL|2020-08-03|284|0|505077.59791666665
RJ|BIAL|2020-08-10|130|0|505077.59791666665
RJ|BIAL|2020-08-17|66|0|505077.59791666665
RJ|BIAL|2020-07-28|240|1|438788.9820818071
RJ|BIAL|2020-08-04|122|1|438788.9820818071
RJ|BIAL|2020-08-11|26|1|438788.9820818071
RJ|BIAL|2020-08-18|160|1|438788.9820818071
RJ|BIAL|2020-08-25|22|1|438788.9820818071
RJ|BIAL|2020-07-22|260|2|421845.35308512754
RJ|BIAL|2020-07-29|20|2|421845.35308512754
RJ|BIAL|2020-08-19|56|2|421845.35308512754
RJ|BIAL|2020-08-26|80|2|421845.35308512754
RJ|BIAL|2020-07-23|216|3|443705.7681523961
RJ|BIAL|2020-07-30|134|3|443705.7681523961
RJ|BIAL|2020-08-06|190|3|443705.7681523961
RJ|BIAL|2020-08-13|206|3|443705.7681523961
RJ|BIAL|2020-08-20|290|3|443705.7681523961
RJ|BIAL|2020-08-27|92|3|443705.7681523961
RJ|BIAL|2020-07-24|122|4|463183.8564484127
RJ|BIAL|2020-07-31|204|4|463183.8564484127
RJ|BIAL|2020-08-14|156|4|463183.8564484127
RJ|BIAL|2020-08-21|62|4|463183.8564484127
RJ|BPRA|2020-07-27|142|0|552383.567114094
RJ|BPRA|2020-08-03|300|0|552383.567114094
RJ|BPRA|2020-08-10|4|0|552383.567114094
RJ|BPRA|2020-08-17|274|0|552383.567114094
RJ|BPRA|2020-08-24|206|0|552383.567114094
RJ|BPRA|2020-07-28|190|1|572199.8020134228
RJ|BPRA|2020-08-04|44|1|572199.8020134228
RJ|BPRA|2020-08-11|48|1|572199.8020134228
RJ|BPRA|2020-08-18|190|1|572199.8020134228
RJ|BPRA|2020-08-25|278|1|572199.8020134228
RJ|BPRA|2020-07-22|212|2|536658.9360773022
RJ|BPRA|2020-07-29|30|2|536658.9360773022
RJ|BPRA|2020-08-05|62|2|536658.9360773022
RJ|BPRA|2020-08-12|284|2|536658.9360773022
RJ|BPRA|2020-08-19|24|2|536658.9360773022
RJ|BPRA|2020-08-26|222|2|536658.9360773022
RJ|BPRA|2020-07-23|64|3|593843.3439597316
RJ|BPRA|2020-07-30|124|3|593843.3439597316
RJ|BPRA|2020-08-06|50|3|593843.3439597316
RJ|BPRA|2020-08-13|56|3|593843.3439597316
RJ|BPRA|2020-08-20|252|3|593843.3439597316
RJ|BPRA|2020-08-27|146|3|593843.3439597316
RJ|BPRA|2020-07-24|72|4|576020.9630872483
RJ|BPRA|2020-07-31|80|4|576020.9630872483
RJ|BPRA|2020-08-07|290|4|576020.9630872483
RJ|BPRA|2020-08-14|112|4|576020.9630872483
RJ|BPRA|2020-08-21|154|4|576020.9630872483
RJ|BPRA|2020-08-28|112|4|576020.9630872483
RJ|CASA|2020-07-25|2|5|408346.22478059423
RJ|CASA|2020-08-01|6|5|408346.22478059423
RJ|CASA|2020-08-08|92|5|408346.22478059423
RJ|CASA|2020-08-15|202|5|408346.22478059423
RJ|CASA|2020-08-22|108|5|408346.22478059423
RJ|EMPR|2020-07-26|100|6|492560.0503003003
RJ|EMPR|2020-08-02|56|6|492560.0503003003
RJ|EMPR|2020-08-09|104|6|492560.0503003003
RJ|EMPR|2020-08-16|288|6|492560.0503003003
RJ|EMPR|2020-08-23|286|6|492560.0503003003
RJ|ESPO|2020-07-26|172|6|571155.9383687107
RJ|ESPO|2020-08-02|296|6|571155.9383687107
RJ|ESPO|2020-08-09|272|6|571155.9383687107
RJ|ESPO|2020-08-16|220|6|571155.9383687107
RJ|ESPO|2020-08-23|284|6|571155.9383687107
RJ|FATI|2020-07-27|138|0|519924.07260618475
RJ|FATI|2020-08-03|282|0|519924.07260618475
RJ|FATI|2020-08-10|18|0|519924.07260618475
RJ|FATI|2020-08-17|246|0|519924.07260618475
RJ|FATI|2020-08-24|162|0|519924.07260618475
RJ|FATI|2020-07-28|164|1|489743.243867051
RJ|FATI|2020-08-04|188|1|489743.243867051
RJ|FATI|2020-08-11|86|1|489743.243867051
RJ|FATI|2020-08-18|202|1|489743.243867051
RJ|FATI|2020-08-25|120|1|489743.243867051
RJ|FATI|2020-07-22|222|2|478837.4800876401
RJ|FATI|2020-07-29|258|2|478837.4800876401
RJ|FATI|2020-08-05|92|2|478837.4800876401
RJ|FATI|2020-08-12|222|2|478837.4800876401
RJ|FATI|2020-08-19|146|2|478837.4800876401
RJ|FATI|2020-08-26|204|2|478837.4800876401
RJ|FATI|2020-07-23|84|3|495604.39621158055
RJ|FATI|2020-07-30|220|3|495604.39621158055
RJ|FATI|2020-08-06|90|3|495604.39621158055
RJ|FATI|2020-08-13|220|3|495604.39621158055
RJ|FATI|2020-08-20|256|3|495604.39621158055
RJ|FATI|2020-08-27|26|3|495604.39621158055
RJ|FATI|2020-07-24|200|4|493421.00586225564
RJ|FATI|2020-07-31|52|4|493421.00586225564
RJ|FATI|2020-08-07|184|4|493421.00586225564
RJ|FATI|2020-08-14|272|4|493421.00586225564
RJ|FATI|2020-08-21|120|4|493421.00586225564
RJ|FATI|2020-08-28|152|4|493421.00586225564
RJ|GRUD|2020-07-26|56|6|653455.4851784634
RJ|GRUD|2020-08-02|68|6|653455.4851784634
RJ|GRUD|2020-08-09|90|6|653455.4851784634
RJ|GRUD|2020-08-16|54|6|653455.4851784634
RJ|GRUD|2020-08-23|60|6|653455.4851784634
RJ|HORA|2020-07-27|298|0|264744.70208333334
RJ|HORA|2020-08-03|184|0|264744.70208333334
RJ|HORA|2020-08-10|198|0|264744.70208333334
RJ|HORA|2020-08-17|256|0|264744.70208333334
RJ|HORA|2020-08-24|214|0|264744.70208333334
RJ|HORA|2020-07-28|136|1|232026.7732317927
RJ|HORA|2020-08-04|136|1|232026.7732317927
RJ|HORA|2020-08-11|10|1|232026.7732317927
RJ|HORA|2020-08-18|222|1|232026.7732317927
RJ|HORA|2020-08-25|206|1|232026.7732317927
RJ|HORA|2020-07-22|26|2|243073.68587184875
RJ|HORA|2020-07-29|216|2|243073.68587184875
RJ|HORA|2020-08-05|186|2|243073.68587184875
RJ|HORA|2020-08-12|172|2|243073.68587184875
RJ|HORA|2020-08-19|194|2|243073.68587184875
RJ|HORA|2020-08-26|234|2|243073.68587184875
RJ|HORA|2020-07-23|118|3|325160.4416666667
RJ|HORA|2020-07-30|196|3|325160.4416666667
RJ|HORA|2020-08-06|300|3|325160.4416666667
RJ|HORA|2020-08-13|2|3|325160.4416666667
RJ|HORA|2020-08-20|172|3|325160.4416666667
RJ|HORA|2020-08-27|130|3|325160.4416666667
RJ|HORA|2020-07-24|96|4|268984.5050420168
RJ|HORA|2020-07-31|288|4|268984.5050420168
RJ|HORA|2020-08-07|294|4|268984.5050420168
RJ|HORA|2020-08-14|106|4|268984.5050420168
RJ|HORA|2020-08-21|164|4|268984.5050420168
RJ|HORA|2020-08-28|278|4|268984.5050420168
RJ|HUCK|2020-07-25|78|5|927048.9731971154
RJ|HUCK|2020-08-01|212|5|927048.9731971154
RJ|HUCK|2020-08-08|240|5|927048.9731971154
RJ|HUCK|2020-08-15|102|5|927048.9731971154
RJ|HUCK|2020-08-22|292|5|927048.9731971154
RJ|JHOJ|2020-07-27|92|0|1062709.189601235
RJ|JHOJ|2020-08-03|98|0|1062709.189601235
RJ|JHOJ|2020-08-10|50|0|1062709.189601235
RJ|JHOJ|2020-08-17|22|0|1062709.189601235
RJ|JHOJ|2020-08-24|274|0|1062709.189601235
RJ|JHOJ|2020-07-28|276|1|1009786.5819606497
RJ|JHOJ|2020-08-04|230|1|1009786.5819606497
RJ|JHOJ|2020-08-11|296|1|1009786.5819606497
RJ|JHOJ|2020-08-18|114|1|1009786.5819606497
RJ|JHOJ|2020-08-25|176|1|1009786.5819606497
RJ|JHOJ|2020-07-22|292|2|937769.9023577906
RJ|JHOJ|2020-07-29|180|2|937769.9023577906
RJ|JHOJ|2020-08-05|298|2|937769.9023577906
RJ|JHOJ|2020-08-12|212|2|937769.9023577906
RJ|JHOJ|2020-08-19|238|2|937769.9023577906
RJ|JHOJ|2020-08-26|216|2|937769.9023577906
RJ|JHOJ|2020-07-23|82|3|969156.03637353
RJ|JHOJ|2020-07-30|46|3|969156.03637353
RJ|JHOJ|2020-08-06|28|3|969156.03637353
RJ|JHOJ|2020-08-13|214|3|969156.03637353
RJ|JHOJ|2020-08-20|60|3|969156.03637353
RJ|JHOJ|2020-08-27|290|3|969156.03637353
RJ|JHOJ|2020-07-24|96|4|924729.2520408873
RJ|JHOJ|2020-07-31|136|4|924729.2520408873
RJ|JHOJ|2020-08-07|150|4|924729.2520408873
RJ|JHOJ|2020-08-14|62|4|924729.2520408873
RJ|JHOJ|2020-08-21|234|4|924729.2520408873
RJ|JHOJ|2020-08-28|256|4|924729.2520408873
RJ|JHOJ|2020-07-25|160|5|965556.5294642857
RJ|JHOJ|2020-08-01|6|5|965556.5294642857
RJ|JHOJ|2020-08-08|136|5|965556.5294642857
RJ|JHOJ|2020-08-15|204|5|965556.5294642857
RJ|JHOJ|2020-08-22|66|5|965556.5294642857
RJ|NBRA|2020-07-27|118|0|632532.5223782771
RJ|NBRA|2020-08-03|200|0|632532.5223782771
RJ|NBRA|2020-08-10|110|0|632532.5223782771
RJ|NBRA|2020-08-17|26|0|632532.5223782771
RJ|NBRA|2020-08-24|174|0|632532.5223782771
RJ|NBRA|2020-07-28|2|1|631556.4458904392
RJ|NBRA|2020-08-04|90|1|631556.4458904392
RJ|NBRA|2020-08-11|204|1|631556.4458904392
RJ|NBRA|2020-08-18|200|1|631556.4458904392
RJ|NBRA|2020-08-25|70|1|631556.4458904392
RJ|NBRA|2020-07-22|82|2|568795.826006297
RJ|NBRA|2020-07-29|198|2|568795.826006297
RJ|NBRA|2020-08-05|250|2|568795.826006297
RJ|NBRA|2020-08-12|62|2|568795.826006297
RJ|NBRA|2020-08-19|76|2|568795.826006297
RJ|NBRA|2020-08-26|236|2|568795.826006297
RJ|NBRA|2020-07-23|110|3|619175.8359381417
RJ|NBRA|2020-07-30|264|3|619175.8359381417
RJ|NBRA|2020-08-06|12|3|619175.8359381417
RJ|NBRA|2020-08-13|86|3|619175.8359381417
RJ|NBRA|2020-08-20|216|3|619175.8359381417
RJ|NBRA|2020-08-27|2|3|619175.8359381417
RJ|NBRA|2020-07-24|80|4|657772.0821687053
RJ|NBRA|2020-07-31|4|4|657772.0821687053
RJ|NBRA|2020-08-07|144|4|657772.0821687053
RJ|NBRA|2020-08-14|54|4|657772.0821687053
RJ|NBRA|2020-08-21|134|4|657772.0821687053
RJ|NBRA|2020-08-28|194|4|657772.0821687053
RJ|PTV1|2020-07-27|244|0|1071944.345207485
RJ|PTV1|2020-08-03|200|0|1071944.345207485
RJ|PTV1|2020-08-10|252|0|1071944.345207485
RJ|PTV1|2020-08-17|8|0|1071944.345207485
RJ|PTV1|2020-08-24|92|0|1071944.345207485
RJ|PTV1|2020-07-28|148|1|990881.8221098679
RJ|PTV1|2020-08-04|262|1|990881.8221098679
RJ|PTV1|2020-08-11|124|1|990881.8221098679
RJ|PTV1|2020-08-18|22|1|990881.8221098679
RJ|PTV1|2020-08-25|236|1|990881.8221098679
RJ|PTV1|2020-07-22|148|2|919873.0386904762
RJ|PTV1|2020-07-29|148|2|919873.0386904762
RJ|PTV1|2020-08-05|162|2|919873.0386904762
RJ|PTV1|2020-08-12|212|2|919873.0386904762
RJ|PTV1|2020-08-19|26|2|919873.0386904762
RJ|PTV1|2020-08-26|172|2|919873.0386904762
RJ|PTV1|2020-07-23|252|3|959862.8230150568
RJ|PTV1|2020-07-30|116|3|959862.8230150568
RJ|PTV1|2020-08-06|220|3|959862.8230150568
RJ|PTV1|2020-08-13|34|3|959862.8230150568
RJ|PTV1|2020-08-20|90|3|959862.8230150568
RJ|PTV1|2020-08-27|148|3|959862.8230150568
RJ|PTV1|2020-07-24|266|4|919551.6784822214
RJ|PTV1|2020-07-31|30|4|919551.6784822214
RJ|PTV1|2020-08-07|18|4|919551.6784822214
RJ|PTV1|2020-08-14|248|4|919551.6784822214
RJ|PTV1|2020-08-21|258|4|919551.6784822214
RJ|PTV1|2020-08-28|34|4|919551.6784822214
RJ|PTV1|2020-07-25|178|5|838880.3371959842
RJ|PTV1|2020-08-01|200|5|838880.3371959842
RJ|PTV1|2020-08-08|68|5|838880.3371959842
RJ|PTV1|2020-08-15|8|5|838880.3371959842
RJ|PTV1|2020-08-22|196|5|838880.3371959842
RJ|SAME|2020-07-27|80|0|430818.0036999521
RJ|SAME|2020-08-03|10|0|430818.0036999521
RJ|SAME|2020-08-10|266|0|430818.0036999521
RJ|SAME|2020-08-17|218|0|430818.0036999521
RJ|SAME|2020-08-24|190|0|430818.0036999521
RJ|SAME|2020-07-28|58|1|331493.1978492137
RJ|SAME|2020-08-04|106|1|331493.1978492137
RJ|SAME|2020-08-11|260|1|331493.1978492137
RJ|SAME|2020-08-18|26|1|331493.1978492137
RJ|SAME|2020-08-25|216|1|331493.1978492137
RJ|SAME|2020-07-22|54|2|371577.474913423
RJ|SAME|2020-07-29|158|2|371577.474913423
RJ|SAME|2020-08-05|36|2|371577.474913423
RJ|SAME|2020-08-12|42|2|371577.474913423
RJ|SAME|2020-08-19|10|2|371577.474913423
RJ|SAME|2020-08-26|112|2|371577.474913423
RJ|SAME|2020-07-23|284|3|413285.59362934367
RJ|SAME|2020-07-30|232|3|413285.59362934367
RJ|SAME|2020-08-06|120|3|413285.59362934367
RJ|SAME|2020-08-13|284|3|413285.59362934367
RJ|SAME|2020-08-20|102|3|413285.59362934367
RJ|SAME|2020-08-27|124|3|413285.59362934367
RJ|SAME|2020-07-24|40|4|379834.11203457444
RJ|SAME|2020-07-31|210|4|379834.11203457444
RJ|SAME|2020-08-07|262|4|379834.11203457444
RJ|SAME|2020-08-14|286|4|379834.11203457444
RJ|SAME|2020-08-21|38|4|379834.11203457444
RJ|SAME|2020-08-28|114|4|379834.11203457444
RJ|SERA|2020-07-25|270|5|236508.34032245819
RJ|SERA|2020-08-01|156|5|236508.34032245819
RJ|SERA|2020-08-08|160|5|236508.34032245819
RJ|SERA|2020-08-15|36|5|236508.34032245819
RJ|SERA|2020-08-22|34|5|236508.34032245819
RJ|SUCI|2020-07-25|294|5|473192.87517040834
RJ|SUCI|2020-08-01|236|5|473192.87517040834
RJ|SUCI|2020-08-08|70|5|473192.87517040834
RJ|SUCI|2020-08-15|62|5|473192.87517040834
RJ|SUCI|2020-08-22|54|5|473192.87517040834
RJ|TARA|2020-07-27|170|0|871257.9134989831
RJ|TARA|2020-08-03|120|0|871257.9134989831
RJ|TARA|2020-08-10|72|0|871257.9134989831
RJ|TARA|2020-08-17|118|0|871257.9134989831
RJ|TARA|2020-08-24|198|0|871257.9134989831
RJ|TARA|2020-07-28|254|1|813913.5600948064
RJ|TARA|2020-08-04|240|1|813913.5600948064
RJ|TARA|2020-08-11|126|1|813913.5600948064
RJ|TARA|2020-08-18|118|1|813913.5600948064
RJ|TARA|2020-08-25|238|1|813913.5600948064
RJ|TARA|2020-07-22|140|2|797492.1387944609
RJ|TARA|2020-07-29|94|2|797492.1387944609
RJ|TARA|2020-08-05|154|2|797492.1387944609
RJ|TARA|2020-08-12|78|2|797492.1387944609
RJ|TARA|2020-08-19|184|2|797492.1387944609
RJ|TARA|2020-08-26|216|2|797492.1387944609
RJ|TARA|2020-07-23|192|3|798935.9507063112
RJ|TARA|2020-07-30|234|3|798935.9507063112
RJ|TARA|2020-08-06|290|3|798935.9507063112
RJ|TARA|2020-08-13|254|3|798935.9507063112
RJ|TARA|2020-08-20|154|3|798935.9507063112
RJ|TARA|2020-08-27|86|3|798935.9507063112
RJ|TARA|2020-07-24|258|4|770792.5095470836
RJ|TARA|2020-07-31|80|4|770792.5095470836
RJ|TARA|2020-08-07|216|4|770792.5095470836
RJ|TARA|2020-08-14|242|4|770792.5095470836
RJ|TARA|2020-08-21|206|4|770792.5095470836
RJ|TARA|2020-08-28|166|4|770792.5095470836
RJ|TMAX|2020-07-26|250|6|871956.5059988056
RJ|TMAX|2020-08-02|206|6|871956.5059988056
RJ|TMAX|2020-08-09|248|6|871956.5059988056
RJ|TMAX|2020-08-16|84|6|871956.5059988056
RJ|TMAX|2020-08-23|190|6|871956.5059988056
RJ|VALE|2020-07-27|98|0|1596279.85455336
RJ|VALE|2020-08-03|48|0|1596279.85455336
RJ|VALE|2020-08-10|216|0|1596279.85455336
RJ|VALE|2020-08-17|130|0|1596279.85455336
RJ|VALE|2020-08-24|204|0|1596279.85455336
RJ|VALE|2020-07-28|206|1|1587039.1704083357
RJ|VALE|2020-08-04|278|1|1587039.1704083357
RJ|VALE|2020-08-11|262|1|1587039.1704083357
RJ|VALE|2020-08-18|136|1|1587039.1704083357
RJ|VALE|2020-08-25|8|1|1587039.1704083357
RJ|VALE|2020-07-22|102|2|1560470.0844065428
RJ|VALE|2020-07-29|28|2|1560470.0844065428
RJ|VALE|2020-08-05|298|2|1560470.0844065428
RJ|VALE|2020-08-12|42|2|1560470.0844065428
RJ|VALE|2020-08-19|16|2|1560470.0844065428
RJ|VALE|2020-08-26|92|2|1560470.0844065428
RJ|VALE|2020-07-23|70|3|1507614.990922949
RJ|VALE|2020-07-30|164|3|1507614.990922949
RJ|VALE|2020-08-06|84|3|1507614.990922949
RJ|VALE|2020-08-13|146|3|1507614.990922949
RJ|VALE|2020-08-20|60|3|1507614.990922949
RJ|VALE|2020-08-27|54|3|1507614.990922949
RJ|VALE|2020-07-24|262|4|1532341.226834869
RJ|VALE|2020-07-31|232|4|1532341.226834869
RJ|VALE|2020-08-07|56|4|1532341.226834869
RJ|VALE|2020-08-14|284|4|1532341.226834869
RJ|VALE|2020-08-21|174|4|1532341.226834869
RJ|VALE|2020-08-28|146|4|1532341.226834869
SP1|AUTO|2020-07-26|2|6|748173.2431916144
SP1|AUTO|2020-08-02|96|6|748173.2431916144
SP1|AUTO|2020-08-09|186|6|748173.2431916144
SP1|AUTO|2020-08-16|4|6|748173.2431916144
SP1|AUTO|2020-08-23|228|6|748173.2431916144
SP1|BIAL|2020-07-27|236|0|712818.1580622401
SP1|BIAL|2020-08-03|198|0|712818.1580622401
SP1|BIAL|2020-08-10|50|0|712818.1580622401
SP1|BIAL|2020-08-17|266|0|712818.1580622401
SP1|BIAL|2020-07-28|142|1|636640.0276785714
SP1|BIAL|2020-08-04|122|1|636640.0276785714
SP1|BIAL|2020-08-11|136|1|636640.0276785714
SP1|BIAL|2020-08-18|196|1|636640.0276785714
SP1|BIAL|2020-08-25|206|1|636640.0276785714
SP1|BIAL|2020-07-22|168|2|496073.50068851485
SP1|BIAL|2020-07-29|4|2|496073.50068851485
SP1|BIAL|2020-08-19|14|2|496073.50068851485
SP1|BIAL|2020-08-26|290|2|496073.50068851485
SP1|BIAL|2020-07-23|124|3|557346.6395202021
SP1|BIAL|2020-07-30|136|3|557346.6395202021
SP1|BIAL|2020-08-06|272|3|557346.6395202021
SP1|BIAL|2020-08-13|138|3|557346.6395202021
SP1|BIAL|2020-08-20|36|3|557346.6395202021
SP1|BIAL|2020-08-27|78|3|557346.6395202021
SP1|BIAL|2020-07-24|216|4|547668.7698412698
SP1|BIAL|2020-07-31|168|4|547668.7698412698
SP1|BIAL|2020-08-14|146|4|547668.7698412698
SP1|BIAL|2020-08-21|196|4|547668.7698412698
SP1|BPRA|2020-07-27|280|0|593266.3422818792
SP1|BPRA|2020-08-03|182|0|593266.3422818792
SP1|BPRA|2020-08-10|264|0|593266.3422818792
SP1|BPRA|2020-08-17|50|0|593266.3422818792
SP1|BPRA|2020-08-24|38|0|593266.3422818792
SP1|BPRA|2020-07-28|90|1|589392.8204697986
SP1|BPRA|2020-08-04|10|1|589392.8204697986
SP1|BPRA|2020-08-11|180|1|589392.8204697986
SP1|BPRA|2020-08-18|34|1|589392.8204697986
SP1|BPRA|2020-08-25|266|1|589392.8204697986
SP1|BPRA|2020-07-22|80|2|542976.8248526211
SP1|BPRA|2020-07-29|82|2|542976.8248526211
SP1|BPRA|2020-08-05|140|2|542976.8248526211
SP1|BPRA|2020-08-12|284|2|542976.8248526211
SP1|BPRA|2020-08-19|272|2|542976.8248526211
SP1|BPRA|2020-08-26|286|2|542976.8248526211
SP1|BPRA|2020-07-23|46|3|577607.2332214765
SP1|BPRA|2020-07-30|144|3|577607.2332214765
SP1|BPRA|2020-08-06|202|3|577607.2332214765
SP1|BPRA|2020-08-13|14|3|577607.2332214765
SP1|BPRA|2020-08-20|268|3|577607.2332214765
SP1|BPRA|2020-08-27|96|3|577607.2332214765
SP1|BPRA|2020-07-24|262|4|546845.2583892618
SP1|BPRA|2020-07-31|182|4|546845.2583892618
SP1|BPRA|2020-08-07|164|4|546845.2583892618
SP1|BPRA|2020-08-14|106|4|546845.2583892618
SP1|BPRA|2020-08-21|62|4|546845.2583892618
SP1|BPRA|2020-08-28|250|4|546845.2583892618
SP1|CASA|2020-07-25|138|5|455864.14373837935
SP1|CASA|2020-08-01|278|5|455864.14373837935
SP1|CASA|2020-08-08|40|5|455864.14373837935
SP1|CASA|2020-08-15|192|5|455864.14373837935
SP1|CASA|2020-08-22|262|5|455864.14373837935
SP1|EMPR|2020-07-26|162|6|602669.0229571677
SP1|EMPR|2020-08-02|246|6|602669.0229571677
SP1|EMPR|2020-08-09|260|6|602669.0229571677
SP1|EMPR|2020-08-16|216|6|602669.0229571677
SP1|EMPR|2020-08-23|12|6|602669.0229571677
SP1|ESPO|2020-07-26|170|6|706664.0500412736
SP1|ESPO|2020-08-02|90|6|706664.0500412736
SP1|ESPO|2020-08-09|134|6|706664.0500412736
SP1|ESPO|2020-08-16|254|6|706664.0500412736
SP1|ESPO|2020-08-23|222|6|706664.0500412736
SP1|FATI|2020-07-27|98|0|582629.4989412569
SP1|FATI|2020-08-03|160|0|582629.4989412569
SP1|FATI|2020-08-10|136|0|582629.4989412569
SP1|FATI|2020-08-17|266|0|582629.4989412569
SP1|FATI|2020-08-24|74|0|582629.4989412569
SP1|FATI|2020-07-28|184|1|540178.2261409935
SP1|FATI|2020-08-04|34|1|540178.2261409935
SP1|FATI|2020-08-11|72|1|540178.2261409935
SP1|FATI|2020-08-18|202|1|540178.2261409935
SP1|FATI|2020-08-25|58|1|540178.2261409935
SP1|FATI|2020-07-22|110|2|563730.8382334213
SP1|FATI|2020-07-29|36|2|563730.8382334213
SP1|FATI|2020-08-05|144|2|563730.8382334213
SP1|FATI|2020-08-12|296|2|563730.8382334213
SP1|FATI|2020-08-19|220|2|563730.8382334213
SP1|FATI|2020-08-26|30|2|563730.8382334213
SP1|FATI|2020-07-23|138|3|556878.4351163289
SP1|FATI|2020-07-30|208|3|556878.4351163289
SP1|FATI|2020-08-06|76|3|556878.4351163289
SP1|FATI|2020-08-13|48|3|556878.4351163289
SP1|FATI|2020-08-20|10|3|556878.4351163289
SP1|FATI|2020-08-27|110|3|556878.4351163289
SP1|FATI|2020-07-24|82|4|562875.5479779162
SP1|FATI|2020-07-31|50|4|562875.5479779162
SP1|FATI|2020-08-07|186|4|562875.5479779162
SP1|FATI|2020-08-14|172|4|562875.5479779162
SP1|FATI|2020-08-21|154|4|562875.5479779162
SP1|FATI|2020-08-28|52|4|562875.5479779162
SP1|GRUD|2020-07-26|20|6|868212.4477330178
SP1|GRUD|2020-08-02|228|6|868212.4477330178
SP1|GRUD|2020-08-09|262|6|868212.4477330178
SP1|GRUD|2020-08-16|76|6|868212.4477330178
SP1|GRUD|2020-08-23|136|6|868212.4477330178
SP1|HORA|2020-07-27|200|0|410259.4708333333
SP1|HORA|2020-08-03|250|0|410259.4708333333
SP1|HORA|2020-08-10|162|0|410259.4708333333
SP1|HORA|2020-08-17|66|0|410259.4708333333
SP1|HORA|2020-08-24|68|0|410259.4708333333
SP1|HORA|2020-07-28|32|1|383128.7171568628
SP1|HORA|2020-08-04|238|1|383128.7171568628
SP1|HORA|2020-08-11|264|1|383128.7171568628
SP1|HORA|2020-08-18|250|1|383128.7171568628
SP1|HORA|2020-08-25|176|1|383128.7171568628
SP1|HORA|2020-07-22|198|2|337260.9817226891
SP1|HORA|2020-07-29|216|2|337260.9817226891
SP1|HORA|2020-08-05|182|2|337260.9817226891
SP1|HORA|2020-08-12|254|2|337260.9817226891
SP1|HORA|2020-08-19|166|2|337260.9817226891
SP1|HORA|2020-08-26|118|2|337260.9817226891
SP1|HORA|2020-07-23|296|3|352931.3416666667
SP1|HORA|2020-07-30|252|3|352931.3416666667
SP1|HORA|2020-08-06|150|3|352931.3416666667
SP1|HORA|2020-08-13|108|3|352931.3416666667
SP1|HORA|2020-08-20|52|3|352931.3416666667
SP1|HORA|2020-08-27|66|3|352931.3416666667
SP1|HORA|2020-07-24|122|4|328895.6181897759
SP1|HORA|2020-07-31|122|4|328895.6181897759
SP1|HORA|2020-08-07|92|4|328895.6181897759
SP1|HORA|2020-08-14|110|4|328895.6181897759
SP1|HORA|2020-08-21|106|4|328895.6181897759
SP1|HORA|2020-08-28|156|4|328895.6181897759
SP1|HUCK|2020-07-25|10|5|1138190.1114952052
SP1|HUCK|2020-08-01|300|5|1138190.1114952052
SP1|HUCK|2020-08-08|118|5|1138190.1114952052
SP1|HUCK|2020-08-15|106|5|1138190.1114952052
SP1|HUCK|2020-08-22|6|5|1138190.1114952052
SP1|JHOJ|2020-07-27|10|0|1116672.4509424604
SP1|JHOJ|2020-08-03|230|0|1116672.4509424604
SP1|JHOJ|2020-08-10|148|0|1116672.4509424604
SP1|JHOJ|2020-08-17|266|0|1116672.4509424604
SP1|JHOJ|2020-08-24|202|0|1116672.4509424604
SP1|JHOJ|2020-07-28|256|1|1049226.1133346763
SP1|JHOJ|2020-08-04|112|1|1049226.1133346763
SP1|JHOJ|2020-08-11|234|1|1049226.1133346763
SP1|JHOJ|2020-08-18|204|1|1049226.1133346763
SP1|JHOJ|2020-08-25|184|1|1049226.1133346763
SP1|JHOJ|2020-07-22|226|2|1052878.980003857
SP1|JHOJ|2020-07-29|176|2|1052878.980003857
SP1|JHOJ|2020-08-05|278|2|1052878.980003857
SP1|JHOJ|2020-08-12|270|2|1052878.980003857
SP1|JHOJ|2020-08-19|188|2|1052878.980003857
SP1|JHOJ|2020-08-26|30|2|1052878.980003857
SP1|JHOJ|2020-07-23|166|3|1046890.6330986407
SP1|JHOJ|2020-07-30|236|3|1046890.6330986407
SP1|JHOJ|2020-08-06|76|3|1046890.6330986407
SP1|JHOJ|2020-08-13|162|3|1046890.6330986407
SP1|JHOJ|2020-08-20|52|3|1046890.6330986407
SP1|JHOJ|2020-08-27|132|3|1046890.6330986407
SP1|JHOJ|2020-07-24|214|4|1039849.6754508083
SP1|JHOJ|2020-07-31|288|4|1039849.6754508083
SP1|JHOJ|2020-08-07|4|4|1039849.6754508083
SP1|JHOJ|2020-08-14|182|4|1039849.6754508083
SP1|JHOJ|2020-08-21|240|4|1039849.6754508083
SP1|JHOJ|2020-08-28|144|4|1039849.6754508083
SP1|JHOJ|2020-07-25|218|5|1181914.246552198
SP1|JHOJ|2020-08-01|150|5|1181914.246552198
SP1|JHOJ|2020-08-08|144|5|1181914.246552198
SP1|JHOJ|2020-08-15|140|5|1181914.246552198
SP1|JHOJ|2020-08-22|50|5|1181914.246552198
SP1|NBRA|2020-07-27|22|0|750837.0656991261
SP1|NBRA|2020-08-03|236|0|750837.0656991261
SP1|NBRA|2020-08-10|282|0|750837.0656991261
SP1|NBRA|2020-08-17|118|0|750837.0656991261
SP1|NBRA|2020-08-24|288|0|750837.0656991261
SP1|NBRA|2020-07-28|12|1|692518.8790738912
SP1|NBRA|2020-08-04|220|1|692518.8790738912
SP1|NBRA|2020-08-11|112|1|692518.8790738912
SP1|NBRA|2020-08-18|74|1|692518.8790738912
SP1|NBRA|2020-08-25|150|1|692518.8790738912
SP1|NBRA|2020-07-22|124|2|663638.003224335
SP1|NBRA|2020-07-29|38|2|663638.003224335
SP1|NBRA|2020-08-05|258|2|663638.003224335
SP1|NBRA|2020-08-12|186|2|663638.003224335
SP1|NBRA|2020-08-19|36|2|663638.003224335
SP1|NBRA|2020-08-26|88|2|663638.003224335
SP1|NBRA|2020-07-23|136|3|692319.7305437089
SP1|NBRA|2020-07-30|152|3|692319.7305437089
SP1|NBRA|2020-08-06|68|3|692319.7305437089
SP1|NBRA|2020-08-13|202|3|692319.7305437089
SP1|NBRA|2020-08-20|288|3|692319.7305437089
SP1|NBRA|2020-08-27|246|3|692319.7305437089
SP1|NBRA|2020-07-24|130|4|692069.1753760206
SP1|NBRA|2020-07-31|234|4|692069.1753760206
SP1|NBRA|2020-08-07|36|4|692069.1753760206
SP1|NBRA|2020-08-14|10|4|692069.1753760206
SP1|NBRA|2020-08-21|4|4|692069.1753760206
SP1|NBRA|2020-08-28|294|4|692069.1753760206
SP1|PTV1|2020-07-27|236|0|1007185.4585922087
SP1|PTV1|2020-08-03|118|0|1007185.4585922087
SP1|PTV1|2020-08-10|160|0|1007185.4585922087
SP1|PTV1|2020-08-17|286|0|1007185.4585922087
SP1|PTV1|2020-08-24|86|0|1007185.4585922087
SP1|PTV1|2020-07-28|274|1|942358.8443057947
SP1|PTV1|2020-08-04|76|1|942358.8443057947
SP1|PTV1|2020-08-11|276|1|942358.8443057947
SP1|PTV1|2020-08-18|150|1|942358.8443057947
SP1|PTV1|2020-08-25|144|1|942358.8443057947
SP1|PTV1|2020-07-22|212|2|995785.4741465864
SP1|PTV1|2020-07-29|100|2|995785.4741465864
SP1|PTV1|2020-08-05|240|2|995785.4741465864
SP1|PTV1|2020-08-12|246|2|995785.4741465864
SP1|PTV1|2020-08-19|130|2|995785.4741465864
SP1|PTV1|2020-08-26|46|2|995785.4741465864
SP1|PTV1|2020-07-23|162|3|984457.737608098
SP1|PTV1|2020-07-30|120|3|984457.737608098
SP1|PTV1|2020-08-06|166|3|984457.737608098
SP1|PTV1|2020-08-13|44|3|984457.737608098
SP1|PTV1|2020-08-20|250|3|984457.737608098
SP1|PTV1|2020-08-27|168|3|984457.737608098
SP1|PTV1|2020-07-24|90|4|982462.5487437556
SP1|PTV1|2020-07-31|290|4|982462.5487437556
SP1|PTV1|2020-08-07|228|4|982462.5487437556
SP1|PTV1|2020-08-14|298|4|982462.5487437556
SP1|PTV1|2020-08-21|44|4|982462.5487437556
SP1|PTV1|2020-08-28|106|4|982462.5487437556
SP1|PTV1|2020-07-25|280|5|1012708.9901433338
SP1|PTV1|2020-08-01|270|5|1012708.9901433338
SP1|PTV1|2020-08-08|226|5|1012708.9901433338
SP1|PTV1|2020-08-15|194|5|1012708.9901433338
SP1|PTV1|2020-08-22|28|5|1012708.9901433338
SP1|SAME|2020-07-27|250|0|613961.0389097659
SP1|SAME|2020-08-03|240|0|613961.0389097659
SP1|SAME|2020-08-10|260|0|613961.0389097659
SP1|SAME|2020-08-17|32|0|613961.0389097659
SP1|SAME|2020-08-24|168|0|613961.0389097659
SP1|SAME|2020-07-28|294|1|528593.4758325624
SP1|SAME|2020-08-04|24|1|528593.4758325624
SP1|SAME|2020-08-11|232|1|528593.4758325624
SP1|SAME|2020-08-18|152|1|528593.4758325624
SP1|SAME|2020-08-25|276|1|528593.4758325624
SP1|SAME|2020-07-22|206|2|454051.6897490749
SP1|SAME|2020-07-29|62|2|454051.6897490749
SP1|SAME|2020-08-05|42|2|454051.6897490749
SP1|SAME|2020-08-12|18|2|454051.6897490749
SP1|SAME|2020-08-19|154|2|454051.6897490749
SP1|SAME|2020-08-26|22|2|454051.6897490749
SP1|SAME|2020-07-23|130|3|490823.3650326797
SP1|SAME|2020-07-30|258|3|490823.3650326797
SP1|SAME|2020-08-06|238|3|490823.3650326797
SP1|SAME|2020-08-13|276|3|490823.3650326797
SP1|SAME|2020-08-20|130|3|490823.3650326797
SP1|SAME|2020-08-27|114|3|490823.3650326797
SP1|SAME|2020-07-24|16|4|448859.7933289007
SP1|SAME|2020-07-31|190|4|448859.7933289007
SP1|SAME|2020-08-07|34|4|448859.7933289007
SP1|SAME|2020-08-14|296|4|448859.7933289007
SP1|SAME|2020-08-21|242|4|448859.7933289007
SP1|SAME|2020-08-28|274|4|448859.7933289007
SP1|SERA|2020-07-25|108|5|275484.9453722345
SP1|SERA|2020-08-01|134|5|275484.9453722345
SP1|SERA|2020-08-08|222|5|275484.9453722345
SP1|SERA|2020-08-15|52|5|275484.9453722345
SP1|SERA|2020-08-22|188|5|275484.9453722345
SP1|SUCI|2020-07-25|20|5|590719.6626114885
SP1|SUCI|2020-08-01|290|5|590719.6626114885
SP1|SUCI|2020-08-08|56|5|590719.6626114885
SP1|SUCI|2020-08-15|106|5|590719.6626114885
SP1|SUCI|2020-08-22|268|5|590719.6626114885
SP1|TARA|2020-07-27|14|0|1128432.9081552215
SP1|TARA|2020-08-03|156|0|1128432.9081552215
SP1|TARA|2020-08-10|36|0|1128432.9081552215
SP1|TARA|2020-08-17|82|0|1128432.9081552215
SP1|TARA|2020-08-24|100|0|1128432.9081552215
SP1|TARA|2020-07-28|74|1|1087067.0632715453
SP1|TARA|2020-08-04|178|1|1087067.0632715453
SP1|TARA|2020-08-11|32|1|1087067.0632715453
SP1|TARA|2020-08-18|184|1|1087067.0632715453
SP1|TARA|2020-08-25|208|1|1087067.0632715453
SP1|TARA|2020-07-22|80|2|1064750.4818932952
SP1|TARA|2020-07-29|226|2|1064750.4818932952
SP1|TARA|2020-08-05|34|2|1064750.4818932952
SP1|TARA|2020-08-12|150|2|1064750.4818932952
SP1|TARA|2020-08-19|170|2|1064750.4818932952
SP1|TARA|2020-08-26|86|2|1064750.4818932952
SP1|TARA|2020-07-23|286|3|1036700.7426835764
SP1|TARA|2020-07-30|112|3|1036700.7426835764
SP1|TARA|2020-08-06|188|3|1036700.7426835764
SP1|TARA|2020-08-13|162|3|1036700.7426835764
SP1|TARA|2020-08-20|226|3|1036700.7426835764
SP1|TARA|2020-08-27|298|3|1036700.7426835764
SP1|TARA|2020-07-24|200|4|1065301.999818171
SP1|TARA|2020-07-31|110|4|1065301.999818171
SP1|TARA|2020-08-07|244|4|1065301.999818171
SP1|TARA|2020-08-14|106|4|1065301.999818171
SP1|TARA|2020-08-21|188|4|1065301.999818171
SP1|TARA|2020-08-28|210|4|1065301.999818171
SP1|TMAX|2020-07-26|26|6|1166705.3907799115
SP1|TMAX|2020-08-02|52|6|1166705.3907799115
SP1|TMAX|2020-08-09|98|6|1166705.3907799115
SP1|TMAX|2020-08-16|60|6|1166705.3907799115
SP1|TMAX|2020-08-23|300|6|1166705.3907799115
SP1|VALE|2020-07-27|140|0|1822243.8468221
SP1|VALE|2020-08-03|198|0|1822243.8468221
SP1|VALE|2020-08-10|266|0|1822243.8468221
SP1|VALE|2020-08-17|170|0|1822243.8468221
SP1|VALE|2020-08-24|232|0|1822243.8468221
SP1|VALE|2020-07-28|172|1|1767214.3947898787
SP1|VALE|2020-08-04|286|1|1767214.3947898787
SP1|VALE|2020-08-11|122|1|1767214.3947898787
SP1|VALE|2020-08-18|264|1|1767214.3947898787
SP1|VALE|2020-08-25|30|1|1767214.3947898787
SP1|VALE|2020-07-22|224|2|1810855.0275649214
SP1|VALE|2020-07-29|50|2|1810855.0275649214
SP1|VALE|2020-08-05|108|2|1810855.0275649214
SP1|VALE|2020-08-12|204|2|1810855.0275649214
SP1|VALE|2020-08-19|22|2|1810855.0275649214
SP1|VALE|2020-08-26|228|2|1810855.0275649214
SP1|VALE|2020-07-23|30|3|1795648.101108934
SP1|VALE|2020-07-30|76|3|1795648.101108934
SP1|VALE|2020-08-06|84|3|1795648.101108934
SP1|VALE|2020-08-13|120|3|1795648.101108934
SP1|VALE|2020-08-20|194|3|1795648.101108934
SP1|VALE|2020-08-27|164|3|1795648.101108934
SP1|VALE|2020-07-24|102|4|1838965.721262395
SP1|VALE|2020-07-31|190|4|1838965.721262395
SP1|VALE|2020-08-07|226|4|1838965.721262395
SP1|VALE|2020-08-14|14|4|1838965.721262395
SP1|VALE|2020-08-21|284|4|1838965.721262395
SP1|VALE|2020-08-28|56|4|1838965.721262395
